series_code,size,dim_letter,value
RKH1,3,a,420
RKH1,3,A1,60
RKH1,3,A2,145
RKH1,3,A3,80
RKH1,3,b,170
RKH1,3,B1,205
RKH1,3,B2,130
RKH1,3,B3,-
RKH1,3,c,125
RKH1,3,d6,130
RKH1,3,E,7
RKH1,3,s,19
RKH1,3,h,7
RKH1,3,h5,35
RKH1,3,H,425
RKH1,3,m1,5.2
RKH1,3,m2,-
RKH1,3,m3,160
RKH1,3,n1,55
RKH1,3,n2,128
RKH1,3,G2,170
RKH1,3,l2,125
RKH1,3,d2,60
RKH1,5,a,580
RKH1,5,A1,85
RKH1,5,A2,215
RKH1,5,A3,115
RKH1,5,b,210
RKH1,5,B1,255
RKH1,5,B2,185
RKH1,5,B3,-
RKH1,5,c,160
RKH1,5,d6,190
RKH1,5,E,22
RKH1,5,s,24
RKH1,5,h,22
RKH1,5,h5,50
RKH1,5,H,575
RKH1,5,m1,19
RKH1,5,m2,-
RKH1,5,m3,240
RKH1,5,n1,70
RKH1,5,n2,308
RKH1,5,G2,210
RKH1,5,l2,160
RKH1,5,d2,85
RKH1,7,a,690
RKH1,7,A1,255
RKH1,7,A2,250
RKH1,7,A3,120
RKH1,7,b,375
RKH1,7,B1,300
RKH1,7,B2,230
RKH1,7,B3,-
RKH1,7,c,45
RKH1,7,d6,245
RKH1,7,E,350
RKH1,7,s,28
RKH1,7,h,350
RKH1,7,h5,25
RKH1,7,H,670
RKH1,7,m1,540
RKH1,7,m2,-
RKH1,7,m3,315
RKH1,7,n1,75
RKH1,7,n2,195
RKH1,7,G2,250
RKH1,7,l2,200
RKH1,7,d2,105
RKH1,9,a,805
RKH1,9,A1,300
RKH1,9,A2,265
RKH1,9,A3,140
RKH1,9,b,425
RKH1,9,B1,330
RKH1,9,B2,265
RKH1,9,B3,-
RKH1,9,c,50
RKH1,9,d6,280
RKH1,9,E,420
RKH1,9,s,35
RKH1,9,h,420
RKH1,9,h5,-
RKH1,9,H,770
RKH1,9,m1,625
RKH1,9,m2,-
RKH1,9,m3,350
RKH1,9,n1,90
RKH1,9,n2,225
RKH1,9,G2,270
RKH1,9,l2,210
RKH1,9,d2,125
RKH1,11,a,960
RKH1,11,A1,360
RKH1,11,A2,330
RKH1,11,A3,190
RKH1,11,b,515
RKH1,11,B1,375
RKH1,11,B2,320
RKH1,11,B3,-
RKH1,11,c,60
RKH1,11,d6,350
RKH1,11,E,500
RKH1,11,s,35
RKH1,11,h,500
RKH1,11,h5,-
RKH1,11,H,940
RKH1,11,m1,770
RKH1,11,m2,-
RKH1,11,m3,440
RKH1,11,n1,95
RKH1,11,n2,280
RKH1,11,G2,320
RKH1,11,l2,240
RKH1,11,d2,150
RKH1,13,a,1100
RKH1,13,A1,415
RKH1,13,A2,350
RKH1,13,A3,-
RKH1,13,b,580
RKH1,13,B1,430
RKH1,13,B2,-
RKH1,13,B3,150
RKH1,13,c,70
RKH1,13,d6,350
RKH1,13,E,580
RKH1,13,s,42
RKH1,13,h,580
RKH1,13,h5,-
RKH1,13,H,1065
RKH1,13,m1,870
RKH1,13,m2,-
RKH1,13,m3,490
RKH1,13,n1,115
RKH1,13,n2,315
RKH1,13,G2,360
RKH1,13,l2,310
RKH1,13,d2,180
RKH1,15,a,1295
RKH1,15,A1,500
RKH1,15,A2,430
RKH1,15,A3,-
RKH1,15,b,545
RKH1,15,B1,430
RKH1,15,B2,-
RKH1,15,B3,120
RKH1,15,c,80
RKH1,15,d6,450
RKH1,15,E,600
RKH1,15,s,48
RKH1,15,h,600
RKH1,15,h5,-
RKH1,15,H,1125
RKH1,15,m1,1025
RKH1,15,m2,-
RKH1,15,m3,450
RKH1,15,n1,135
RKH1,15,n2,370
RKH1,15,G2,360
RKH1,15,l2,350
RKH1,15,d2,220
RKH1,17,a,1410
RKH1,17,A1,550
RKH1,17,A2,430
RKH1,17,A3,-
RKH1,17,b,615
RKH1,17,B1,470
RKH1,17,B2,-
RKH1,17,B3,150
RKH1,17,c,80
RKH1,17,d6,445
RKH1,17,E,670
RKH1,17,s,42
RKH1,17,h,670
RKH1,17,h5,-
RKH1,17,H,1255
RKH1,17,m1,1170
RKH1,17,m2,130
RKH1,17,m3,530
RKH1,17,n1,120
RKH1,17,n2,425
RKH1,17,G2,400
RKH1,17,l2,400
RKH1,17,d2,240
RKH2,3,a,220
RKH2,3,b,290
RKH2,3,c,65
RKH2,3,A1,58
RKH2,3,A2,175
RKH2,3,A3,50
RKH2,3,A4,400
RKH2,3,B1,160
RKH2,3,B2,85
RKH2,3,d6,15
RKH2,3,D5,132.5
RKH2,3,c1,285
RKH2,3,h,140
RKH2,3,h5,-
RKH2,3,H,-
RKH2,3,m1,-
RKH2,3,m3,-
RKH2,3,n1,-
RKH2,3,n2,-
RKH2,3,s,120
RKH2,3,n4,5
RKH2,3,n3,7
RKH2,3,d2,65
RKH2,3,G2,125
RKH2,3,l2,140
RKH2,3,D2,-
RKH2,3,D3,-
RKH2,3,D4,-
RKH2,3,G4,-
RKH2,3,G5,-
RKH2,4,a,270
RKH2,4,b,355
RKH2,4,c,85
RKH2,4,A1,62.5
RKH2,4,A2,200
RKH2,4,A3,60
RKH2,4,A4,450
RKH2,4,B1,180
RKH2,4,B2,110
RKH2,4,d6,19
RKH2,4,D5,150
RKH2,4,c1,345
RKH2,4,h,170
RKH2,4,h5,80 H7
RKH2,4,H,140
RKH2,4,m1,85 H7
RKH2,4,m3,85
RKH2,4,n1,140
RKH2,4,n2,205
RKH2,4,s,190
RKH2,4,n4,7
RKH2,4,n3,10
RKH2,4,d2,80
RKH2,4,G2,140
RKH2,4,l2,170
RKH2,4,D2,80 H7
RKH2,4,D3,85 H7
RKH2,4,D4,85
RKH2,4,G4,140
RKH2,4,G5,205
RKH2,5,a,315
RKH2,5,b,430
RKH2,5,c,100
RKH2,5,A1,97.5
RKH2,5,A2,230
RKH2,5,A3,100
RKH2,5,A4,532
RKH2,5,B1,220
RKH2,5,B2,105
RKH2,5,d6,19
RKH2,5,D5,180
RKH2,5,c1,405
RKH2,5,h,210
RKH2,5,h5,95 H7
RKH2,5,H,165
RKH2,5,m1,100 H7
RKH2,5,m3,100
RKH2,5,n1,165
RKH2,5,n2,240
RKH2,5,s,306
RKH2,5,n4,11
RKH2,5,n3,15
RKH2,5,d2,100
RKH2,5,G2,165
RKH2,5,l2,210
RKH2,5,D2,95 H7
RKH2,5,D3,100 H7
RKH2,5,D4,100
RKH2,5,G4,165
RKH2,5,G5,240
RKH2,6,a,350
RKH2,6,b,510
RKH2,6,c,145
RKH2,6,A1,97.5
RKH2,6,A2,230
RKH2,6,A3,100
RKH2,6,A4,532
RKH2,6,B1,220
RKH2,6,B2,105
RKH2,6,d6,19
RKH2,6,D5,180
RKH2,6,c1,440
RKH2,6,h,210
RKH2,6,h5,105 H7
RKH2,6,H,165
RKH2,6,m1,110 H7
RKH2,6,m3,110
RKH2,6,n1,165
RKH2,6,n2,240
RKH2,6,s,362
RKH2,6,n4,12
RKH2,6,n3,16
RKH2,6,d2,110
RKH2,6,G2,165
RKH2,6,l2,210
RKH2,6,D2,105 H7
RKH2,6,D3,110 H7
RKH2,6,D4,110
RKH2,6,G4,165
RKH2,6,G5,240
RKH2,7,a,385
RKH2,7,b,545
RKH2,7,c,130
RKH2,7,A1,114
RKH2,7,A2,280
RKH2,7,A3,140
RKH2,7,A4,622
RKH2,7,B1,260
RKH2,7,B2,120
RKH2,7,d6,24
RKH2,7,D5,215
RKH2,7,c1,500
RKH2,7,h,210
RKH2,7,h5,115 H7
RKH2,7,H,195
RKH2,7,m1,120 H7
RKH2,7,m3,120
RKH2,7,n1,195
RKH2,7,n2,280
RKH2,7,s,515
RKH2,7,n4,21
RKH2,7,n3,27
RKH2,7,d2,120
RKH2,7,G2,195
RKH2,7,l2,210
RKH2,7,D2,115 H7
RKH2,7,D3,120 H7
RKH2,7,D4,120
RKH2,7,G4,195
RKH2,7,G5,280
RKH2,8,a,430
RKH2,8,b,650
RKH2,8,c,190
RKH2,8,A1,114
RKH2,8,A2,280
RKH2,8,A3,140
RKH2,8,A4,622
RKH2,8,B1,260
RKH2,8,B2,120
RKH2,8,d6,24
RKH2,8,D5,215
RKH2,8,c1,545
RKH2,8,h,280
RKH2,8,h5,140
RKH2,8,H,622
RKH2,8,m1,650
RKH2,8,m3,260
RKH2,8,n1,120
RKH2,8,n2,190
RKH2,8,s,24
RKH2,8,n4,215
RKH2,8,n3,545
RKH2,8,d2,130
RKH2,8,G2,195
RKH2,8,l2,250
RKH2,8,D2,125 H7
RKH2,8,D3,130 H7
RKH2,8,D4,130
RKH2,8,G4,195
RKH2,8,G5,285
RKH2,9,a,925
RKH2,9,b,370
RKH2,9,c,40
RKH2,9,A1,312
RKH2,9,A2,355
RKH2,9,A3,240
RKH2,9,A4,100
RKH2,9,B1,285
RKH2,9,B2,245
RKH2,9,d6,200
RKH2,9,D5,36 H9
RKH2,9,c1,45±1.5
RKH2,9,h,320
RKH2,9,h5,155
RKH2,9,H,712
RKH2,9,m1,635
RKH2,9,m3,320
RKH2,9,n1,145
RKH2,9,n2,155
RKH2,9,s,28
RKH2,9,n4,245
RKH2,9,n3,585
RKH2,9,d2,140
RKH2,9,G2,235
RKH2,9,l2,250
RKH2,9,D2,135 H7
RKH2,9,D3,140 H7
RKH2,9,D4,145
RKH2,9,G4,235
RKH2,9,G5,330
RKH2,10,a,1025
RKH2,10,b,370
RKH2,10,c,40
RKH2,10,A1,312
RKH2,10,A2,355
RKH2,10,A3,240
RKH2,10,A4,100
RKH2,10,B1,285
RKH2,10,B2,245
RKH2,10,d6,200
RKH2,10,D5,36 H9
RKH2,10,c1,45±1.5
RKH2,10,h,320
RKH2,10,h5,165
RKH2,10,H,712
RKH2,10,m1,735
RKH2,10,m3,320
RKH2,10,n1,145
RKH2,10,n2,205
RKH2,10,s,28
RKH2,10,n4,245
RKH2,10,n3,635
RKH2,10,d2,160
RKH2,10,G2,235
RKH2,10,l2,300
RKH2,10,D2,150 H7
RKH2,10,D3,150 H7
RKH2,10,D4,155
RKH2,10,G4,235
RKH2,10,G5,350
RKH2,11,a,1105
RKH2,11,b,430
RKH2,11,c,50
RKH2,11,A1,372
RKH2,11,A2,420
RKH2,11,A3,285
RKH2,11,A4,135
RKH2,11,B1,325
RKH2,11,B2,285
RKH2,11,d6,210
RKH2,11,D5,40 H9
RKH2,11,c1,54±1.5
RKH2,11,h,380
RKH2,11,h5,200
RKH2,11,H,832
RKH2,11,m1,775
RKH2,11,m3,370
RKH2,11,n1,165
RKH2,11,n2,180
RKH2,11,s,35
RKH2,11,n4,300
RKH2,11,n3,710
RKH2,11,d2,170
RKH2,11,G2,270
RKH2,11,l2,300
RKH2,11,D2,165 H7
RKH2,11,D3,165 H7
RKH2,11,D4,170
RKH2,11,G4,270
RKH2,11,G5,400
RKH2,12,a,1260
RKH2,12,b,430
RKH2,12,c,50
RKH2,12,A1,372
RKH2,12,A2,420
RKH2,12,A3,285
RKH2,12,A4,135
RKH2,12,B1,325
RKH2,12,B2,285
RKH2,12,d6,210
RKH2,12,D5,40 H9
RKH2,12,c1,54±1.5
RKH2,12,h,380
RKH2,12,h5,200
RKH2,12,H,832
RKH2,12,m1,930
RKH2,12,m3,370
RKH2,12,n1,165
RKH2,12,n2,265
RKH2,12,s,35
RKH2,12,n4,300
RKH2,12,n3,780
RKH2,12,d2,180
RKH2,12,G2,270
RKH2,12,l2,300
RKH2,12,D2,180 H7
RKH2,12,D3,180 H7
RKH2,12,D4,185
RKH2,12,G4,270
RKH2,12,G5,405
RKH2,13,E,35
RKH2,13,A2,450
RKH2,13,A3,460
RKH2,13,A4,950
RKH2,13,b,545
RKH2,13,B1,385
RKH2,13,B2,545
RKH2,13,c,475
RKH2,13,c1,100
RKH2,13,d6,305
RKH2,13,D5,835
RKH2,13,e2,340
RKH2,13,a,211.5
RKH2,13,A1,440
RKH2,13,h,440
RKH2,13,h1,450
RKH2,13,h2,460
RKH2,13,H,950
RKH2,13,m1,545
RKH2,13,m2,545
RKH2,13,n1,100
RKH2,13,n2,305
RKH2,13,m3,475
RKH2,13,n3,835
RKH2,13,n4,340
RKH2,13,s,35
RKH2,13,d2,200
RKH2,13,G2,335
RKH2,13,l2,350
RKH2,13,D2,190 H7
RKH2,13,D3,190 H7
RKH2,13,D4,195
RKH2,13,G4,335
RKH2,13,G5,480
RKH2,14,E,35
RKH2,14,A2,450
RKH2,14,A3,460
RKH2,14,A4,950
RKH2,14,b,545
RKH2,14,B1,385
RKH2,14,B2,685
RKH2,14,c,475
RKH2,14,c1,100
RKH2,14,d6,375
RKH2,14,D5,905
RKH2,14,e2,340
RKH2,14,a,211.5
RKH2,14,A1,440
RKH2,14,h,440
RKH2,14,h1,450
RKH2,14,h2,460
RKH2,14,H,950
RKH2,14,m1,545
RKH2,14,m2,685
RKH2,14,n1,100
RKH2,14,n2,375
RKH2,14,m3,475
RKH2,14,n3,905
RKH2,14,n4,340
RKH2,14,s,35
RKH2,14,d2,210
RKH2,14,G2,335
RKH2,14,l2,350
RKH2,14,D2,210 H7
RKH2,14,D3,210 H7
RKH2,14,D4,215
RKH2,14,G4,335
RKH2,14,G5,480
RKH2,15,E,42
RKH2,15,A2,490
RKH2,15,A3,500
RKH2,15,A4,1040
RKH2,15,b,655
RKH2,15,B1,430
RKH2,15,B2,655
RKH2,15,c,535
RKH2,15,c1,120
RKH2,15,d6,365
RKH2,15,D5,1005
RKH2,15,e2,375
RKH2,15,a,238
RKH2,15,A1,500
RKH2,15,h,500
RKH2,15,h1,490
RKH2,15,h2,500
RKH2,15,H,1040
RKH2,15,m1,655
RKH2,15,m2,655
RKH2,15,n1,120
RKH2,15,n2,365
RKH2,15,m3,535
RKH2,15,n3,1005
RKH2,15,n4,375
RKH2,15,s,42
RKH2,15,d2,230
RKH2,15,G2,380
RKH2,15,l2,410
RKH2,15,D2,230 H7
RKH2,15,D3,230 H7
RKH2,15,D4,235
RKH2,15,G4,380
RKH2,15,G5,550
RKH2,16,E,42
RKH2,16,A2,490
RKH2,16,A3,500
RKH2,16,A4,1040
RKH2,16,b,655
RKH2,16,B1,745
RKH2,16,B2,155
RKH2,16,c,535
RKH2,16,c1,120
RKH2,16,d6,410
RKH2,16,D5,1050
RKH2,16,e2,375
RKH2,16,a,238
RKH2,16,A1,500
RKH2,16,s,42
RKH2,16,m2,745
RKH2,16,m1,655
RKH2,16,m3,535
RKH2,16,n1,120
RKH2,16,n2,410
RKH2,16,n3,1050
RKH2,16,n4,375
RKH2,16,h1,490
RKH2,16,h2,500
RKH2,16,H,1040
RKH2,16,h,500
RKH2,16,d2,240
RKH2,16,G2,380
RKH2,16,l2,410
RKH2,16,D2,240 H7
RKH2,16,D3,240 H7
RKH2,16,D4,245
RKH2,16,G4,380
RKH2,16,G5,550
RKH2,17,E,42
RKH2,17,A2,555
RKH2,17,A3,560
RKH2,17,A4,1170
RKH2,17,b,735
RKH2,17,B1,735
RKH2,17,B2,140
RKH2,17,c,600
RKH2,17,c1,135
RKH2,17,d6,390
RKH2,17,D5,1145
RKH2,17,e2,425
RKH2,17,a,259
RKH2,17,A1,550
RKH2,17,s,42
RKH2,17,m2,735
RKH2,17,m1,735
RKH2,17,m3,600
RKH2,17,n1,135
RKH2,17,n2,390
RKH2,17,n3,1145
RKH2,17,n4,425
RKH2,17,h1,555
RKH2,17,h2,560
RKH2,17,H,1170
RKH2,17,h,550
RKH2,17,d2,250
RKH2,17,G2,415
RKH2,17,l2,410
RKH2,17,D2,250 H7
RKH2,17,D3,250 H7
RKH2,17,D4,260
RKH2,17,G4,415
RKH2,17,G5,600
RKH2,18,E,920
RKH2,18,A2,565
RKH2,18,A3,435
RKH2,18,A4,505
RKH2,18,b,690
RKH2,18,B1,485
RKH2,18,B2,140
RKH2,18,c,80
RKH2,18,c1,81±2
RKH2,18,d6,280
RKH2,18,D5,55 H9
RKH2,18,e2,585
RKH2,18,a,1860
RKH2,18,A1,540
RKH2,18,s,42
RKH2,18,m2,855
RKH2,18,m1,735
RKH2,18,m3,600
RKH2,18,n1,135
RKH2,18,n2,450
RKH2,18,n3,1205
RKH2,18,n4,425
RKH2,18,h1,555
RKH2,18,h2,560
RKH2,18,H,1170
RKH2,18,h,550
RKH2,18,d2,270
RKH2,18,G2,415
RKH2,18,l2,470
RKH2,18,D2,275 H7
RKH2,18,D3,280 H7
RKH2,18,D4,285
RKH2,18,G4,415
RKH2,18,G5,600
RKH3,5,a,405
RKH3,5,b,480
RKH3,5,c,100
RKH3,5,A1,97.5
RKH3,5,A2,230
RKH3,5,A3,80
RKH3,5,A4,532
RKH3,5,B1,220
RKH3,5,B2,105
RKH3,5,c1,455
RKH3,5,d6,180
RKH3,5,D5,19
RKH3,5,h,210
RKH3,5,H,165
RKH3,5,s,326
RKH3,5,h5,95 H7
RKH3,5,m1,165
RKH3,5,m3,100 H7
RKH3,5,n1,100
RKH3,5,n2,165
RKH3,5,n3,240
RKH3,5,n4,15
RKH3,5,d2,100
RKH3,5,G2,165
RKH3,5,l2,210
RKH3,5,D2,95 H7
RKH3,5,D3,100 H7
RKH3,5,D4,100
RKH3,5,G4,165
RKH3,5,G5,240
RKH3,6,a,440
RKH3,6,b,560
RKH3,6,c,145
RKH3,6,A1,97.5
RKH3,6,A2,230
RKH3,6,A3,80
RKH3,6,A4,532
RKH3,6,B1,220
RKH3,6,B2,105
RKH3,6,c1,490
RKH3,6,d6,180
RKH3,6,D5,19
RKH3,6,h,210
RKH3,6,H,165
RKH3,6,s,372
RKH3,6,h5,105 H7
RKH3,6,m1,165
RKH3,6,m3,110 H7
RKH3,6,n1,110
RKH3,6,n2,165
RKH3,6,n3,240
RKH3,6,n4,17
RKH3,6,d2,110
RKH3,6,G2,165
RKH3,6,l2,210
RKH3,6,D2,105 H7
RKH3,6,D3,110 H7
RKH3,6,D4,110
RKH3,6,G4,165
RKH3,6,G5,240
RKH3,7,a,495
RKH3,7,b,605
RKH3,7,c,130
RKH3,7,A1,114
RKH3,7,A2,280
RKH3,7,A3,120
RKH3,7,A4,622
RKH3,7,B1,260
RKH3,7,B2,120
RKH3,7,c1,560
RKH3,7,d6,215
RKH3,7,D5,24
RKH3,7,h,210
RKH3,7,H,195
RKH3,7,s,550
RKH3,7,h5,115 H7
RKH3,7,m1,195
RKH3,7,m3,120 H7
RKH3,7,n1,120
RKH3,7,n2,195
RKH3,7,n3,280
RKH3,7,n4,28
RKH3,7,d2,120
RKH3,7,G2,195
RKH3,7,l2,210
RKH3,7,D2,115 H7
RKH3,7,D3,120 H7
RKH3,7,D4,120
RKH3,7,G4,195
RKH3,7,G5,280
RKH3,8,a,540
RKH3,8,b,710
RKH3,8,c,190
RKH3,8,A1,114
RKH3,8,A2,280
RKH3,8,A3,110
RKH3,8,A4,622
RKH3,8,B1,260
RKH3,8,B2,120
RKH3,8,c1,605
RKH3,8,d6,215
RKH3,8,D5,24
RKH3,8,h,250
RKH3,8,H,195
RKH3,8,s,637
RKH3,8,h5,125 H7
RKH3,8,m1,195
RKH3,8,m3,130 H7
RKH3,8,n1,130
RKH3,8,n2,195
RKH3,8,n3,285
RKH3,8,n4,30
RKH3,8,d2,130
RKH3,8,G2,195
RKH3,8,l2,250
RKH3,8,D2,125 H7
RKH3,8,D3,130 H7
RKH3,8,D4,130
RKH3,8,G4,195
RKH3,8,G5,285
RKH3,9,a,580
RKH3,9,b,710
RKH3,9,c,155
RKH3,9,A1,140
RKH3,9,A2,320
RKH3,9,A3,135
RKH3,9,A4,712
RKH3,9,B1,320
RKH3,9,B2,145
RKH3,9,c1,660
RKH3,9,d6,245
RKH3,9,D5,28
RKH3,9,h,320
RKH3,9,H,712
RKH3,9,s,28
RKH3,9,h5,135 H7
RKH3,9,m1,235
RKH3,9,m3,140 H7
RKH3,9,n1,145
RKH3,9,n2,235
RKH3,9,n3,330
RKH3,9,n4,45
RKH3,9,d2,140
RKH3,9,G2,235
RKH3,9,l2,250
RKH3,9,D2,135 H7
RKH3,9,D3,140 H7
RKH3,9,D4,145
RKH3,9,G4,235
RKH3,9,G5,330
RKH3,10,a,1100
RKH3,10,b,370
RKH3,10,c,40
RKH3,10,A1,140
RKH3,10,A2,320
RKH3,10,A3,135
RKH3,10,A4,712
RKH3,10,B1,320
RKH3,10,B2,145
RKH3,10,c1,710
RKH3,10,d6,245
RKH3,10,D5,28
RKH3,10,h,320
RKH3,10,H,712
RKH3,10,s,28
RKH3,10,h5,135
RKH3,10,m1,810
RKH3,10,m3,320
RKH3,10,n1,145
RKH3,10,n2,205
RKH3,10,n3,710
RKH3,10,n4,245
RKH3,10,d2,160
RKH3,10,G2,235
RKH3,10,l2,300
RKH3,10,D2,150 H7
RKH3,10,D3,150 H7
RKH3,10,D4,155
RKH3,10,G4,235
RKH3,10,G5,350
RKH3,11,a,1200
RKH3,11,b,430
RKH3,11,c,50
RKH3,11,A1,218
RKH3,11,A2,220
RKH3,11,A3,255
RKH3,11,A4,150
RKH3,11,B1,325
RKH3,11,B2,280
RKH3,11,c1,54±1.5
RKH3,11,d6,100
RKH3,11,D5,40 H9
RKH3,11,h,380
RKH3,11,H,832
RKH3,11,s,35
RKH3,11,h5,130
RKH3,11,m1,870
RKH3,11,m3,370
RKH3,11,n1,165
RKH3,11,n2,180
RKH3,11,n3,805
RKH3,11,n4,300
RKH3,11,d2,170
RKH3,11,G2,270
RKH3,11,l2,300
RKH3,11,D2,165 H7
RKH3,11,D3,165 H7
RKH3,11,D4,170
RKH3,11,G4,270
RKH3,11,G5,400
RKH3,12,a,1355
RKH3,12,b,430
RKH3,12,c,50
RKH3,12,A1,218
RKH3,12,A2,220
RKH3,12,A3,255
RKH3,12,A4,150
RKH3,12,B1,325
RKH3,12,B2,280
RKH3,12,c1,54±1.5
RKH3,12,d6,100
RKH3,12,D5,40 H9
RKH3,12,h,380
RKH3,12,H,832
RKH3,12,s,35
RKH3,12,h5,120
RKH3,12,m1,1025
RKH3,12,m3,370
RKH3,12,n1,165
RKH3,12,n2,265
RKH3,12,n3,875
RKH3,12,n4,300
RKH3,12,d2,180
RKH3,12,G2,270
RKH3,12,l2,300
RKH3,12,D2,180 H7
RKH3,12,D3,180 H7
RKH3,12,D4,185
RKH3,12,G4,270
RKH3,12,G5,405
RKH3,13,a,211.5
RKH3,13,c,475
RKH3,13,b,950
RKH3,13,E,35
RKH3,13,A1,440
RKH3,13,B2,597.5
RKH3,13,B1,597.5
RKH3,13,A3,460
RKH3,13,A2,450
RKH3,13,c1,100
RKH3,13,d6,305
RKH3,13,D5,940
RKH3,13,e2,340
RKH3,13,h,335
RKH3,13,H,335
RKH3,13,s,2198
RKH3,13,m2,195
RKH3,13,m3,335
RKH3,13,m1,190
RKH3,13,h2,190
RKH3,13,h1,350
RKH3,13,n1,480
RKH3,13,n2,160
RKH3,13,n3,125
RKH3,13,n4,2341
RKH3,13,G2,335
RKH3,13,d2,200
RKH3,13,D4,195
RKH3,13,G4,335
RKH3,13,D3,190
RKH3,13,D2,190
RKH3,13,l2,350
RKH3,13,G5,480
RKH3,14,a,211.5
RKH3,14,c,475
RKH3,14,b,950
RKH3,14,E,35
RKH3,14,A1,440
RKH3,14,B2,737.5
RKH3,14,B1,597.5
RKH3,14,A3,460
RKH3,14,A2,450
RKH3,14,c1,100
RKH3,14,d6,375
RKH3,14,D5,1010
RKH3,14,e2,340
RKH3,14,h,335
RKH3,14,H,335
RKH3,14,s,2540
RKH3,14,m2,215
RKH3,14,m3,335
RKH3,14,m1,210
RKH3,14,h2,210
RKH3,14,h1,350
RKH3,14,n1,480
RKH3,14,n2,165
RKH3,14,n3,130
RKH3,14,n4,2678
RKH3,14,G2,335
RKH3,14,d2,210
RKH3,14,D4,215
RKH3,14,G4,335
RKH3,14,D3,210
RKH3,14,D2,210
RKH3,14,l2,350
RKH3,14,G5,480
RKH3,15,a,238
RKH3,15,c,535
RKH3,15,b,1040
RKH3,15,E,42
RKH3,15,A1,500
RKH3,15,B2,720
RKH3,15,B1,720
RKH3,15,A3,500
RKH3,15,A2,490
RKH3,15,c1,120
RKH3,15,d6,365
RKH3,15,D5,1135
RKH3,15,e2,375
RKH3,15,h,380
RKH3,15,H,380
RKH3,15,s,3325
RKH3,15,m2,235
RKH3,15,m3,380
RKH3,15,m1,230
RKH3,15,h2,230
RKH3,15,h1,410
RKH3,15,n1,550
RKH3,15,n2,235
RKH3,15,n3,190
RKH3,15,n4,3545
RKH3,15,G2,380
RKH3,15,d2,230
RKH3,15,D4,235
RKH3,15,G4,380
RKH3,15,D3,230
RKH3,15,D2,230
RKH3,15,l2,410
RKH3,15,G5,550
RKH3,16,a,238
RKH3,16,c,535
RKH3,16,b,1040
RKH3,16,E,42
RKH3,16,A1,500
RKH3,16,B2,810
RKH3,16,B1,720
RKH3,16,A3,500
RKH3,16,A2,490
RKH3,16,c1,120
RKH3,16,d6,410
RKH3,16,D5,1180
RKH3,16,e2,375
RKH3,16,h,380
RKH3,16,H,380
RKH3,16,s,3698
RKH3,16,m2,245
RKH3,16,m3,380
RKH3,16,m1,240
RKH3,16,h2,240
RKH3,16,h1,410
RKH3,16,n1,550
RKH3,16,n2,245
RKH3,16,n3,195
RKH3,16,n4,3953
RKH3,16,G2,380
RKH3,16,d2,240
RKH3,16,D4,245
RKH3,16,G4,380
RKH3,16,D3,240
RKH3,16,D2,240
RKH3,16,l2,410
RKH3,16,G5,550
RKH3,17,a,259
RKH3,17,c,600
RKH3,17,b,1170
RKH3,17,E,42
RKH3,17,A1,550
RKH3,17,B2,750
RKH3,17,B1,750
RKH3,17,A3,560
RKH3,17,A2,555
RKH3,17,c1,135
RKH3,17,d6,390
RKH3,17,D5,1175
RKH3,17,e2,425
RKH3,17,h,550
RKH3,17,H,1170
RKH3,17,s,42
RKH3,17,m2,750
RKH3,17,m3,600
RKH3,17,m1,750
RKH3,17,h2,560
RKH3,17,h1,555
RKH3,17,n1,135
RKH3,17,n2,390
RKH3,17,n3,1175
RKH3,17,n4,425
RKH3,17,G2,415
RKH3,17,d2,250
RKH3,17,D4,260
RKH3,17,G4,415
RKH3,17,D3,250
RKH3,17,D2,250
RKH3,17,l2,410
RKH3,17,G5,600
RKH3,18,a,1890
RKH3,18,c,80
RKH3,18,b,690
RKH3,18,E,1095
RKH3,18,A1,270
RKH3,18,B2,235
RKH3,18,B1,445
RKH3,18,A3,252
RKH3,18,A2,265
RKH3,18,c1,81±2
RKH3,18,d6,150
RKH3,18,D5,55 H9
RKH3,18,e2,585
RKH3,18,h,550
RKH3,18,H,1170
RKH3,18,s,42
RKH3,18,m2,870
RKH3,18,m3,600
RKH3,18,m1,750
RKH3,18,h2,560
RKH3,18,h1,555
RKH3,18,n1,135
RKH3,18,n2,450
RKH3,18,n3,1235
RKH3,18,n4,425
RKH3,18,G2,415
RKH3,18,d2,270
RKH3,18,D4,285
RKH3,18,G4,415
RKH3,18,D3,280
RKH3,18,D2,275
RKH3,18,l2,470
RKH3,18,G5,600
RKB2,4,a,495
RKB2,4,b,450
RKB2,4,c,235
RKB2,4,E,150
RKB2,4,g,19
RKB2,4,A1,200
RKB2,4,A2,30
RKB2,4,B1,295
RKB2,4,c1,235
RKB2,4,D5,110
RKB2,4,d6,85
RKB2,4,e3,285
RKB2,4,G6,80
RKB2,4,h,170
RKB2,4,h5,170
RKB2,4,H,80 H7
RKB2,4,m1,170
RKB2,4,m3,85
RKB2,4,n1,170
RKB2,4,n2,235
RKB2,4,n3,10
RKB2,4,n4,-
RKB2,4,s,235
RKB2,4,d2,80
RKB2,4,G2,170
RKB2,4,l2,170
RKB2,4,D2,80 H7
RKB2,4,D3,85 H7
RKB2,4,D4,85
RKB2,4,G4,170
RKB2,4,G5,235
RKB2,5,a,575
RKB2,5,b,532
RKB2,5,c,285
RKB2,5,E,180
RKB2,5,g,19
RKB2,5,A1,230
RKB2,5,A2,100
RKB2,5,B1,355
RKB2,5,c1,285
RKB2,5,D5,105
RKB2,5,d6,100
RKB2,5,e3,330
RKB2,5,G6,100
RKB2,5,h,200
RKB2,5,h5,210
RKB2,5,H,95 H7
RKB2,5,m1,200
RKB2,5,m3,100
RKB2,5,n1,200
RKB2,5,n2,275
RKB2,5,n3,16
RKB2,5,n4,14
RKB2,5,s,367
RKB2,5,d2,100
RKB2,5,G2,200
RKB2,5,l2,210
RKB2,5,D2,95 H7
RKB2,5,D3,100 H7
RKB2,5,D4,100
RKB2,5,G4,200
RKB2,5,G5,275
RKB2,6,a,610
RKB2,6,b,532
RKB2,6,c,285
RKB2,6,E,180
RKB2,6,g,19
RKB2,6,A1,230
RKB2,6,A2,100
RKB2,6,B1,435
RKB2,6,c1,285
RKB2,6,D5,105
RKB2,6,d6,145
RKB2,6,e3,365
RKB2,6,G6,110
RKB2,6,h,200
RKB2,6,h5,210
RKB2,6,H,105 H7
RKB2,6,m1,200
RKB2,6,m3,110
RKB2,6,n1,200
RKB2,6,n2,275
RKB2,6,n3,19
RKB2,6,n4,15
RKB2,6,s,418
RKB2,6,d2,110
RKB2,6,G2,200
RKB2,6,l2,210
RKB2,6,D2,105 H7
RKB2,6,D3,110 H7
RKB2,6,D4,110
RKB2,6,G4,200
RKB2,6,G5,275
RKB2,7,a,685
RKB2,7,b,622
RKB2,7,c,340
RKB2,7,E,215
RKB2,7,g,24
RKB2,7,A1,280
RKB2,7,A2,130
RKB2,7,B1,450
RKB2,7,c1,340
RKB2,7,D5,120
RKB2,7,d6,130
RKB2,7,e3,405
RKB2,7,G6,120
RKB2,7,h,235
RKB2,7,h5,210
RKB2,7,H,115 H7
RKB2,7,m1,235
RKB2,7,m3,120
RKB2,7,n1,235
RKB2,7,n2,320
RKB2,7,n3,31
RKB2,7,n4,28
RKB2,7,s,627
RKB2,7,d2,120
RKB2,7,G2,235
RKB2,7,l2,210
RKB2,7,D2,115 H7
RKB2,7,D3,120 H7
RKB2,7,D4,120
RKB2,7,G4,235
RKB2,7,G5,320
RKB2,8,a,730
RKB2,8,b,622
RKB2,8,c,340
RKB2,8,E,215
RKB2,8,g,24
RKB2,8,A1,280
RKB2,8,A2,140
RKB2,8,B1,555
RKB2,8,c1,340
RKB2,8,D5,120
RKB2,8,d6,190
RKB2,8,e3,450
RKB2,8,G6,730
RKB2,8,h,280
RKB2,8,h5,140
RKB2,8,H,622
RKB2,8,m1,555
RKB2,8,m3,340
RKB2,8,n1,120
RKB2,8,n2,190
RKB2,8,n3,450
RKB2,8,n4,215
RKB2,8,s,24
RKB2,8,d2,130
RKB2,8,G2,235
RKB2,8,l2,250
RKB2,8,D2,125 H7
RKB2,8,D3,130 H7
RKB2,8,D4,130
RKB2,8,G4,235
RKB2,8,G5,325
RKB2,9,a,820
RKB2,9,b,440
RKB2,9,c,40
RKB2,9,E,265
RKB2,9,g,172
RKB2,9,A1,310
RKB2,9,A2,325
RKB2,9,B1,270
RKB2,9,c1,48±1.5
RKB2,9,D5,36 H9
RKB2,9,d6,195
RKB2,9,e3,265
RKB2,9,G6,805
RKB2,9,h,320
RKB2,9,h5,155
RKB2,9,H,712
RKB2,9,m1,530
RKB2,9,m3,390
RKB2,9,n1,145
RKB2,9,n2,155
RKB2,9,n3,480
RKB2,9,n4,245
RKB2,9,s,28
RKB2,9,d2,140
RKB2,9,G2,270
RKB2,9,l2,250
RKB2,9,D2,135 H7
RKB2,9,D3,140 H7
RKB2,9,D4,145
RKB2,9,G4,270
RKB2,9,G5,365
RKB2,10,a,920
RKB2,10,b,440
RKB2,10,c,40
RKB2,10,E,315
RKB2,10,g,172
RKB2,10,A1,310
RKB2,10,A2,325
RKB2,10,B1,270
RKB2,10,c1,48±1.5
RKB2,10,D5,36 H9
RKB2,10,d6,195
RKB2,10,e3,265
RKB2,10,G6,855
RKB2,10,h,320
RKB2,10,h5,165
RKB2,10,H,712
RKB2,10,m1,630
RKB2,10,m3,390
RKB2,10,n1,145
RKB2,10,n2,205
RKB2,10,n3,530
RKB2,10,n4,245
RKB2,10,s,28
RKB2,10,d2,160
RKB2,10,G2,270
RKB2,10,l2,300
RKB2,10,D2,150 H7
RKB2,10,D3,150 H7
RKB2,10,D4,155
RKB2,10,G4,270
RKB2,10,G5,385
RKB2,11,a,975
RKB2,11,b,530
RKB2,11,c,50
RKB2,11,E,320
RKB2,11,g,211
RKB2,11,A1,370
RKB2,11,A2,385
RKB2,11,B1,328
RKB2,11,c1,54±1.5
RKB2,11,D5,40 H9
RKB2,11,d6,210
RKB2,11,e3,320
RKB2,11,G6,980
RKB2,11,h,380
RKB2,11,h5,190
RKB2,11,H,832
RKB2,11,m1,645
RKB2,11,m3,470
RKB2,11,n1,165
RKB2,11,n2,180
RKB2,11,n3,580
RKB2,11,n4,300
RKB2,11,s,35
RKB2,11,d2,170
RKB2,11,G2,320
RKB2,11,l2,300
RKB2,11,D2,165 H7
RKB2,11,D3,165 H7
RKB2,11,D4,170
RKB2,11,G4,320
RKB2,11,G5,450
RKB2,12,a,1130
RKB2,12,b,530
RKB2,12,c,50
RKB2,12,E,390
RKB2,12,g,211
RKB2,12,A1,370
RKB2,12,A2,385
RKB2,12,B1,328
RKB2,12,c1,54±1.5
RKB2,12,D5,40 H9
RKB2,12,d6,210
RKB2,12,e3,320
RKB2,12,G6,1050
RKB2,12,h,380
RKB2,12,h5,200
RKB2,12,H,832
RKB2,12,m1,800
RKB2,12,m3,470
RKB2,12,n1,165
RKB2,12,n2,265
RKB2,12,n3,650
RKB2,12,n4,300
RKB2,12,s,35
RKB2,12,d2,180
RKB2,12,G2,320
RKB2,12,l2,300
RKB2,12,D2,180 H7
RKB2,12,D3,180 H7
RKB2,12,D4,185
RKB2,12,G4,320
RKB2,12,G5,455
RKB2,13,a,1130
RKB2,13,A1,440
RKB2,13,A2,450
RKB2,13,b,460
RKB2,13,B1,952
RKB2,13,c1,465
RKB2,13,c,465
RKB2,13,d6,580
RKB2,13,D5,100
RKB2,13,e2,305
RKB2,13,e3,675
RKB2,13,E,340
RKB2,13,g,35
RKB2,13,h2,460
RKB2,13,G6,1130
RKB2,13,h1,450
RKB2,13,m1,465
RKB2,13,m2,465
RKB2,13,m3,580
RKB2,13,n1,100
RKB2,13,n2,305
RKB2,13,n3,675
RKB2,13,n4,340
RKB2,13,H,952
RKB2,13,h,440
RKB2,13,s,35
RKB2,13,D2,-
RKB2,13,d2,200
RKB2,13,G2,390
RKB2,13,l2,350
RKB2,13,D3,-
RKB2,13,D4,-
RKB2,13,G4,-
RKB2,13,G5,-
RKB2,14,a,1200
RKB2,14,A1,440
RKB2,14,A2,450
RKB2,14,b,460
RKB2,14,B1,952
RKB2,14,c1,605
RKB2,14,c,465
RKB2,14,d6,580
RKB2,14,D5,100
RKB2,14,e2,375
RKB2,14,e3,745
RKB2,14,E,340
RKB2,14,g,35
RKB2,14,G6,1200
RKB2,14,h1,450
RKB2,14,m2,605
RKB2,14,h2,460
RKB2,14,m1,465
RKB2,14,m3,580
RKB2,14,n1,100
RKB2,14,n2,375
RKB2,14,n3,745
RKB2,14,n4,340
RKB2,14,h,440
RKB2,14,H,952
RKB2,14,s,35
RKB2,14,d2,210
RKB2,14,G2,390
RKB2,14,l2,350
RKB2,14,D4,215
RKB2,14,D2,210 H7
RKB2,14,D3,210 H7
RKB2,14,G4,390
RKB2,14,G5,535
RKB2,15,a,1340
RKB2,15,A1,500
RKB2,15,A2,490
RKB2,15,b,500
RKB2,15,B1,1060
RKB2,15,c1,555
RKB2,15,c,555
RKB2,15,d6,670
RKB2,15,D5,120
RKB2,15,e2,365
RKB2,15,e3,805
RKB2,15,E,375
RKB2,15,g,42
RKB2,15,G6,1340
RKB2,15,h1,490
RKB2,15,m2,555
RKB2,15,h2,500
RKB2,15,m1,555
RKB2,15,m3,670
RKB2,15,n1,120
RKB2,15,n2,365
RKB2,15,n3,805
RKB2,15,n4,375
RKB2,15,h,500
RKB2,15,H,1060
RKB2,15,s,42
RKB2,15,d2,230
RKB2,15,G2,460
RKB2,15,l2,410
RKB2,15,D4,-
RKB2,15,D2,-
RKB2,15,D3,-
RKB2,15,G4,-
RKB2,15,G5,-
RKB2,16,a,1385
RKB2,16,A1,500
RKB2,16,A2,490
RKB2,16,b,500
RKB2,16,B1,1062
RKB2,16,c1,645
RKB2,16,c,555
RKB2,16,d6,670
RKB2,16,D5,120
RKB2,16,e2,410
RKB2,16,e3,850
RKB2,16,E,375
RKB2,16,g,42
RKB2,16,G6,1385
RKB2,16,h1,490
RKB2,16,h2,500
RKB2,16,m2,645
RKB2,16,m1,555
RKB2,16,m3,670
RKB2,16,n1,120
RKB2,16,n2,410
RKB2,16,n3,850
RKB2,16,n4,375
RKB2,16,h,500
RKB2,16,H,1062
RKB2,16,s,42
RKB2,16,d2,240
RKB2,16,G2,460
RKB2,16,l2,410
RKB2,16,D2,240 H7
RKB2,16,D3,240 H7
RKB2,16,D4,245
RKB2,16,G4,450
RKB2,16,G5,620
RKB2,17,a,1500
RKB2,17,A1,550
RKB2,17,A2,555
RKB2,17,b,560
RKB2,17,B1,1170
RKB2,17,c1,610
RKB2,17,c,610
RKB2,17,d6,780
RKB2,17,D5,135
RKB2,17,e2,390
RKB2,17,e3,895
RKB2,17,E,420
RKB2,17,g,48
RKB2,17,G6,1500
RKB2,17,h1,555
RKB2,17,h2,560
RKB2,17,m2,610
RKB2,17,m1,610
RKB2,17,m3,780
RKB2,17,n1,135
RKB2,17,n2,390
RKB2,17,n3,895
RKB2,17,n4,420
RKB2,17,h,550
RKB2,17,H,1170
RKB2,17,s,48
RKB2,17,d2,250
RKB2,17,G2,540
RKB2,17,l2,410
RKB2,17,D2,-
RKB2,17,D3,-
RKB2,17,D4,-
RKB2,17,G4,-
RKB2,17,G5,-
RKB2,18,a,1610
RKB2,18,A1,540
RKB2,18,A2,555
RKB2,18,b,885
RKB2,18,B1,505
RKB2,18,c1,81±2
RKB2,18,c,80
RKB2,18,d6,380
RKB2,18,D5,65 H9
RKB2,18,e2,585
RKB2,18,e3,510
RKB2,18,E,550
RKB2,18,g,356
RKB2,18,G6,1560
RKB2,18,h1,555
RKB2,18,h2,560
RKB2,18,m2,730
RKB2,18,m1,610
RKB2,18,m3,780
RKB2,18,n1,135
RKB2,18,n2,450
RKB2,18,n3,955
RKB2,18,n4,420
RKB2,18,h,550
RKB2,18,H,1170
RKB2,18,s,48
RKB2,18,d2,270
RKB2,18,G2,540
RKB2,18,l2,470
RKB2,18,D2,275 H7
RKB2,18,D3,280 H7
RKB2,18,D4,285
RKB2,18,G4,510
RKB2,18,G5,700
RKB3,4,a,530
RKB3,4,A1,200
RKB3,4,A2,50
RKB3,4,b,465
RKB3,4,B1,355
RKB3,4,d6,105
RKB3,4,D5,85
RKB3,4,e3,345
RKB3,4,E,150
RKB3,4,g,19
RKB3,4,c,28
RKB3,4,c1,180
RKB3,4,G6,80
RKB3,4,h5,170
RKB3,4,m1,140
RKB3,4,m3,85 H7
RKB3,4,n1,85
RKB3,4,n2,140
RKB3,4,n3,205
RKB3,4,n4,9
RKB3,4,h,140
RKB3,4,H,80 H7
RKB3,4,s,210
RKB3,4,d2,80
RKB3,4,G2,140
RKB3,4,l2,170
RKB3,4,D2,80 H7
RKB3,4,D3,85 H7
RKB3,4,D4,85
RKB3,4,G4,140
RKB3,4,G5,205
RKB3,5,a,605
RKB3,5,A1,230
RKB3,5,A2,80
RKB3,5,b,532
RKB3,5,B1,430
RKB3,5,d6,105
RKB3,5,D5,100
RKB3,5,e3,405
RKB3,5,E,180
RKB3,5,g,19
RKB3,5,c,28
RKB3,5,c1,220
RKB3,5,G6,100
RKB3,5,h5,210
RKB3,5,m1,165
RKB3,5,m3,100 H7
RKB3,5,n1,100
RKB3,5,n2,165
RKB3,5,n3,240
RKB3,5,n4,14
RKB3,5,h,165
RKB3,5,H,95 H7
RKB3,5,s,331
RKB3,5,d2,100
RKB3,5,G2,165
RKB3,5,l2,210
RKB3,5,D2,95 H7
RKB3,5,D3,100 H7
RKB3,5,D4,100
RKB3,5,G4,165
RKB3,5,G5,240
RKB3,6,a,640
RKB3,6,A1,230
RKB3,6,A2,80
RKB3,6,b,532
RKB3,6,B1,510
RKB3,6,d6,105
RKB3,6,D5,145
RKB3,6,e3,440
RKB3,6,E,180
RKB3,6,g,19
RKB3,6,c,28
RKB3,6,c1,220
RKB3,6,G6,110
RKB3,6,h5,210
RKB3,6,m1,165
RKB3,6,m3,110 H7
RKB3,6,n1,110
RKB3,6,n2,165
RKB3,6,n3,240
RKB3,6,n4,15
RKB3,6,h,165
RKB3,6,H,105 H7
RKB3,6,s,387
RKB3,6,d2,110
RKB3,6,G2,165
RKB3,6,l2,210
RKB3,6,D2,105 H7
RKB3,6,D3,110 H7
RKB3,6,D4,110
RKB3,6,G4,165
RKB3,6,G5,240
RKB3,7,a,720
RKB3,7,A1,280
RKB3,7,A2,120
RKB3,7,b,622
RKB3,7,B1,545
RKB3,7,d6,120
RKB3,7,D5,130
RKB3,7,e3,500
RKB3,7,E,215
RKB3,7,g,24
RKB3,7,c,35
RKB3,7,c1,260
RKB3,7,G6,120
RKB3,7,h5,210
RKB3,7,m1,195
RKB3,7,m3,120 H7
RKB3,7,n1,120
RKB3,7,n2,195
RKB3,7,n3,280
RKB3,7,n4,25
RKB3,7,h,195
RKB3,7,H,115 H7
RKB3,7,s,561
RKB3,7,d2,120
RKB3,7,G2,195
RKB3,7,l2,210
RKB3,7,D2,115 H7
RKB3,7,D3,120 H7
RKB3,7,D4,120
RKB3,7,G4,195
RKB3,7,G5,280
RKB3,8,a,765
RKB3,8,A1,280
RKB3,8,A2,10
RKB3,8,b,622
RKB3,8,B1,650
RKB3,8,d6,120
RKB3,8,D5,190
RKB3,8,e3,545
RKB3,8,E,215
RKB3,8,g,24
RKB3,8,c,35
RKB3,8,c1,260
RKB3,8,G6,130
RKB3,8,h5,250
RKB3,8,m1,195
RKB3,8,m3,130 H7
RKB3,8,n1,130
RKB3,8,n2,195
RKB3,8,n3,285
RKB3,8,n4,28
RKB3,8,h,195
RKB3,8,H,125 H7
RKB3,8,s,647
RKB3,8,d2,130
RKB3,8,G2,195
RKB3,8,l2,250
RKB3,8,D2,125 H7
RKB3,8,D3,130 H7
RKB3,8,D4,130
RKB3,8,G4,195
RKB3,8,G5,285
RKB3,9,a,845
RKB3,9,A1,320
RKB3,9,A2,125
RKB3,9,b,712
RKB3,9,B1,635
RKB3,9,d6,145
RKB3,9,D5,155
RKB3,9,e3,585
RKB3,9,E,245
RKB3,9,g,28
RKB3,9,c,40
RKB3,9,c1,320
RKB3,9,G6,845
RKB3,9,h5,125
RKB3,9,m1,635
RKB3,9,m3,320
RKB3,9,n1,145
RKB3,9,n2,155
RKB3,9,n3,585
RKB3,9,n4,245
RKB3,9,h,320
RKB3,9,H,712
RKB3,9,s,28
RKB3,9,d2,140
RKB3,9,G2,235
RKB3,9,l2,250
RKB3,9,D2,135 H7
RKB3,9,D3,140 H7
RKB3,9,D4,145
RKB3,9,G4,235
RKB3,9,G5,330
RKB3,10,a,1025
RKB3,10,A1,315
RKB3,10,A2,325
RKB3,10,b,370
RKB3,10,B1,231
RKB3,10,d6,175
RKB3,10,D5,36 H9
RKB3,10,e3,185
RKB3,10,E,500
RKB3,10,g,140
RKB3,10,c,40
RKB3,10,c1,45±1.5
RKB3,10,G6,895
RKB3,10,h5,125
RKB3,10,m1,735
RKB3,10,m3,320
RKB3,10,n1,145
RKB3,10,n2,205
RKB3,10,n3,635
RKB3,10,n4,245
RKB3,10,h,320
RKB3,10,H,712
RKB3,10,s,28
RKB3,10,d2,160
RKB3,10,G2,235
RKB3,10,l2,300
RKB3,10,D2,150 H7
RKB3,10,D3,150 H7
RKB3,10,D4,155
RKB3,10,G4,235
RKB3,10,G5,350
RKB3,11,a,1105
RKB3,11,A1,370
RKB3,11,A2,385
RKB3,11,b,430
RKB3,11,B1,263
RKB3,11,d6,190
RKB3,11,D5,40 H9
RKB3,11,e3,225
RKB3,11,E,545
RKB3,11,g,161
RKB3,11,c,50
RKB3,11,c1,54±1.5
RKB3,11,G6,1010
RKB3,11,h5,170
RKB3,11,m1,775
RKB3,11,m3,370
RKB3,11,n1,165
RKB3,11,n2,180
RKB3,11,n3,710
RKB3,11,n4,300
RKB3,11,h,380
RKB3,11,H,832
RKB3,11,s,35
RKB3,11,d2,170
RKB3,11,G2,270
RKB3,11,l2,300
RKB3,11,D2,165 H7
RKB3,11,D3,165 H7
RKB3,11,D4,170
RKB3,11,G4,270
RKB3,11,G5,400
RKB3,12,a,1260
RKB3,12,A1,370
RKB3,12,A2,385
RKB3,12,b,430
RKB3,12,B1,263
RKB3,12,d6,190
RKB3,12,D5,40 H9
RKB3,12,e3,225
RKB3,12,E,615
RKB3,12,g,161
RKB3,12,c,50
RKB3,12,c1,54±1.5
RKB3,12,G6,1080
RKB3,12,h5,160
RKB3,12,m1,930
RKB3,12,m3,370
RKB3,12,n1,165
RKB3,12,n2,265
RKB3,12,n3,780
RKB3,12,n4,300
RKB3,12,h,380
RKB3,12,H,832
RKB3,12,s,35
RKB3,12,d2,180
RKB3,12,G2,270
RKB3,12,l2,300
RKB3,12,D2,180 H7
RKB3,12,D3,180 H7
RKB3,12,D4,185
RKB3,12,G4,270
RKB3,12,G5,405
RKB3,13,a,1180
RKB3,13,A1,440
RKB3,13,b,460
RKB3,13,B1,950
RKB3,13,c1,545
RKB3,13,d6,475
RKB3,13,c,545
RKB3,13,D5,100
RKB3,13,e2,305
RKB3,13,e3,835
RKB3,13,E,340
RKB3,13,g,35
RKB3,13,A2,450
RKB3,13,G6,200
RKB3,13,h,335
RKB3,13,h2,190 H7
RKB3,13,H,335
RKB3,13,m2,195
RKB3,13,m3,335
RKB3,13,m1,190H7
RKB3,13,n1,480
RKB3,13,n2,130
RKB3,13,n3,110
RKB3,13,n4,2427
RKB3,13,s,2305
RKB3,13,h1,350
RKB3,13,d2,200
RKB3,13,G2,335
RKB3,13,D2,190 H7
RKB3,13,D3,190H7
RKB3,13,D4,195
RKB3,13,G4,335
RKB3,13,G5,480
RKB3,13,l2,350
RKB3,14,a,1250
RKB3,14,A1,440
RKB3,14,b,460
RKB3,14,B1,950
RKB3,14,c1,685
RKB3,14,d6,475
RKB3,14,c,545
RKB3,14,D5,100
RKB3,14,e2,375
RKB3,14,e3,905
RKB3,14,E,340
RKB3,14,g,35
RKB3,14,A2,450
RKB3,14,G6,210
RKB3,14,h,335
RKB3,14,h2,210 H7
RKB3,14,H,335
RKB3,14,m2,215
RKB3,14,m3,335
RKB3,14,m1,210 H7
RKB3,14,n1,480
RKB3,14,n2,140
RKB3,14,n3,115
RKB3,14,n4,2805
RKB3,14,s,2667
RKB3,14,h1,350
RKB3,14,d2,210
RKB3,14,G2,335
RKB3,14,D2,210 H7
RKB3,14,D3,210 H7
RKB3,14,D4,215
RKB3,14,G4,335
RKB3,14,G5,480
RKB3,14,l2,350
RKB3,15,a,1420
RKB3,15,A1,500
RKB3,15,b,500
RKB3,15,B1,1040
RKB3,15,c1,655
RKB3,15,d6,535
RKB3,15,c,655
RKB3,15,D5,120
RKB3,15,e2,365
RKB3,15,e3,1005
RKB3,15,E,375
RKB3,15,g,42
RKB3,15,A2,490
RKB3,15,G6,230
RKB3,15,h,380
RKB3,15,h2,230 H7
RKB3,15,H,380
RKB3,15,m2,235
RKB3,15,m3,380
RKB3,15,m1,230 H7
RKB3,15,n1,550
RKB3,15,n2,210
RKB3,15,n3,160
RKB3,15,n4,3804
RKB3,15,s,3610
RKB3,15,h1,410
RKB3,15,d2,230
RKB3,15,G2,380
RKB3,15,D2,230 H7
RKB3,15,D3,230 H7
RKB3,15,D4,235
RKB3,15,G4,380
RKB3,15,G5,550
RKB3,15,l2,410
RKB3,16,a,1470
RKB3,16,A1,500
RKB3,16,b,500
RKB3,16,B1,1040
RKB3,16,c1,745
RKB3,16,d6,535
RKB3,16,c,655
RKB3,16,D5,120
RKB3,16,e2,410
RKB3,16,e3,1050
RKB3,16,E,375
RKB3,16,g,42
RKB3,16,A2,490
RKB3,16,G6,240
RKB3,16,h,380
RKB3,16,h2,240 H7
RKB3,16,H,380
RKB3,16,m2,245
RKB3,16,m3,380
RKB3,16,m1,240 H7
RKB3,16,n1,550
RKB3,16,n2,220
RKB3,16,n3,165
RKB3,16,n4,4034
RKB3,16,s,3840
RKB3,16,h1,410
RKB3,16,d2,240
RKB3,16,G2,380
RKB3,16,D2,240 H7
RKB3,16,D3,240 H7
RKB3,16,D4,245
RKB3,16,G4,380
RKB3,16,G5,550
RKB3,16,l2,410
RKB3,17,a,1620
RKB3,17,A1,550
RKB3,17,b,560
RKB3,17,B1,1170
RKB3,17,c1,735
RKB3,17,d6,600
RKB3,17,c,735
RKB3,17,D5,135
RKB3,17,e2,390
RKB3,17,e3,1145
RKB3,17,E,425
RKB3,17,g,42
RKB3,17,A2,555
RKB3,17,G6,1620
RKB3,17,h,550
RKB3,17,h2,560
RKB3,17,H,1170
RKB3,17,m2,735
RKB3,17,m3,600
RKB3,17,m1,735
RKB3,17,n1,135
RKB3,17,n2,390
RKB3,17,n3,1145
RKB3,17,n4,425
RKB3,17,s,42
RKB3,17,h1,555
RKB3,17,d2,250
RKB3,17,G2,415
RKB3,17,D2,250 H7
RKB3,17,D3,250 H7
RKB3,17,D4,260
RKB3,17,G4,415
RKB3,17,G5,600
RKB3,17,l2,410
RKB3,18,a,1680
RKB3,18,A1,550
RKB3,18,b,560
RKB3,18,B1,1170
RKB3,18,c1,855
RKB3,18,d6,600
RKB3,18,c,735
RKB3,18,D5,135
RKB3,18,e2,450
RKB3,18,e3,1205
RKB3,18,E,425
RKB3,18,g,42
RKB3,18,A2,555
RKB3,18,G6,1680
RKB3,18,h,550
RKB3,18,h2,560
RKB3,18,H,1170
RKB3,18,m2,855
RKB3,18,m3,600
RKB3,18,m1,735
RKB3,18,n1,135
RKB3,18,n2,450
RKB3,18,n3,1205
RKB3,18,n4,425
RKB3,18,s,42
RKB3,18,h1,555
RKB3,18,d2,270
RKB3,18,G2,415
RKB3,18,D2,275 H7
RKB3,18,D3,280 H7
RKB3,18,D4,285
RKB3,18,G4,415
RKB3,18,G5,600
RKB3,18,l2,470
