family,stage,series_code,size,ratio_nominal,ratio_actual,t2n_nm
RKH,1,RKH1,3,1.25,1.243,2900
RKH,1,RKH1,4,1.25,1.256,7700
RKH,1,RKH1,5,1.25,1.263,15000
RKH,1,RKH1,6,1.25,1.27,24500
RKH,1,RKH1,3,1.4,1.371,3100
RKH,1,RKH1,4,1.4,1.378,8100
RKH,1,RKH1,5,1.4,1.389,15700
RKH,1,RKH1,6,1.4,1.4,25300
RKH,1,RKH1,3,1.6,1.594,3300
RKH,1,RKH1,4,1.6,1.588,8500
RKH,1,RKH1,5,1.6,1.606,16100
RKH,1,RKH1,6,1.6,1.625,26800
RKH,2,RKH2,7,1.6,1.636,45500
RKH,2,RKH2,8,1.6,1.588,66700
RKH,1,RKH1,3,1.8,1.829,2700
RKH,1,RKH1,4,1.8,1.839,8700
RKH,1,RKH1,5,1.8,1.774,17200
RKH,1,RKH1,6,1.8,1.8,27700
RKH,2,RKH2,7,1.8,1.806,47100
RKH,2,RKH2,8,1.8,1.839,70200
RKH,1,RKH1,3,2.0,2.0,2800
RKH,1,RKH1,4,2.0,2.034,9300
RKH,1,RKH1,5,2.0,1.966,17600
RKH,1,RKH1,6,2.0,2.0,28400
RKH,2,RKH2,7,2.0,2.0,48600
RKH,2,RKH2,8,2.0,2.034,72200
RKH,2,RKH2,9,2.0,2.0,128000
RKH,1,RKH1,3,2.24,2.194,2800
RKH,1,RKH1,4,2.24,2.259,9500
RKH,1,RKH1,5,2.24,2.308,17600
RKH,1,RKH1,6,2.24,2.231,28400
RKH,2,RKH2,7,2.24,2.222,50100
RKH,2,RKH2,8,2.24,2.259,74500
RKH,2,RKH2,9,2.24,2.231,129000
RKH,1,RKH1,3,2.5,2.536,2900
RKH,1,RKH1,4,2.5,2.52,9500
RKH,1,RKH1,5,2.5,2.583,17600
RKH,1,RKH1,6,2.5,2.5,28400
RKH,2,RKH2,7,2.5,2.48,50100
RKH,2,RKH2,8,2.5,2.52,76200
RKH,2,RKH2,9,2.5,2.481,116000
RKH,1,RKH1,3,2.8,2.808,3100
RKH,1,RKH1,4,2.8,2.826,9500
RKH,1,RKH1,5,2.8,2.8,16900
RKH,1,RKH1,6,2.8,2.741,26900
RKH,2,RKH2,7,2.8,2.783,50100
RKH,2,RKH2,8,2.8,2.826,76200
RKH,2,RKH2,9,2.8,2.76,119000
RKH,2,RKH2,10,2.8,2.76,169000
RKH,1,RKH1,3,3.15,3.125,3100
RKH,1,RKH1,4,3.15,3.19,9500
RKH,1,RKH1,5,3.15,3.13,17200
RKH,1,RKH1,6,3.15,3.208,27800
RKH,2,RKH2,7,3.15,3.08,47600
RKH,2,RKH2,8,3.15,3.208,72400
RKH,2,RKH2,9,3.15,3.087,123000
RKH,2,RKH2,10,3.15,3.087,171000
RKH,1,RKH1,3,3.55,3.5,3200
RKH,1,RKH1,4,3.55,3.591,9400
RKH,1,RKH1,5,3.55,3.524,17600
RKH,1,RKH1,6,3.55,3.591,28300
RKH,2,RKH2,7,3.55,3.478,49700
RKH,2,RKH2,8,3.55,3.591,73700
RKH,2,RKH2,9,3.55,3.476,125000
RKH,2,RKH2,10,3.55,3.476,171000
RKH,1,RKH1,3,4.0,3.95,3200
RKH,1,RKH1,4,4.0,4.05,9500
RKH,1,RKH1,5,4.0,4.0,17600
RKH,1,RKH1,6,4.0,4.05,28400
RKH,2,RKH2,7,4.0,3.905,50100
RKH,2,RKH2,8,4.0,4.05,74900
RKH,2,RKH2,9,4.0,3.947,129000
RKH,2,RKH2,10,4.0,3.947,171000
RKH,1,RKH1,3,4.5,4.473,2500
RKH,1,RKH1,4,4.5,4.487,6200
RKH,1,RKH1,5,4.5,4.619,7600
RKH,1,RKH1,6,4.5,4.4,15600
RKH,2,RKH2,7,4.5,4.381,24400
RKH,2,RKH2,8,4.5,4.421,45500
RKH,2,RKH2,9,4.5,4.619,61000
RKH,2,RKH2,10,4.5,4.579,108000
RKH,2,RKH2,11,4.5,4.526,145000
RKH,1,RKH1,3,5.0,4.853,2400
RKH,1,RKH1,4,5.0,4.94,6200
RKH,1,RKH1,5,5.0,4.9,7100
RKH,1,RKH1,6,5.0,4.905,13700
RKH,2,RKH2,7,5.0,4.947,23300
RKH,2,RKH2,8,5.0,5.15,38300
RKH,2,RKH2,9,5.0,4.9,57700
RKH,2,RKH2,10,5.0,5.1,94000
RKH,2,RKH2,11,5.0,4.9,123000
RKH,1,RKH1,3,5.6,5.492,2300
RKH,1,RKH1,4,5.6,5.444,6200
RKH,1,RKH1,5,5.6,5.556,6800
RKH,1,RKH1,6,5.6,5.526,13000
RKH,2,RKH2,7,5.6,5.684,19900
RKH,2,RKH2,8,5.6,5.474,36100
RKH,2,RKH2,9,5.6,5.556,54800
RKH,2,RKH2,10,5.6,5.778,89000
RKH,2,RKH2,11,5.6,5.556,117000
RKH,2,RKH2,3,6.3,6.232,3300
RKH,2,RKH2,4,6.3,6.319,6200
RKH,2,RKH2,5,6.3,6.286,10600
RKH,2,RKH2,6,6.3,6.088,20100
RKH,2,RKH2,7,6.3,6.26,33400
RKH,2,RKH2,8,6.3,6.246,58700
RKH,2,RKH2,9,6.3,6.41,85100
RKH,2,RKH2,10,6.3,6.449,142000
RKH,2,RKH2,11,6.3,6.154,193000
RKH,2,RKH2,3,7.1,7.1,3300
RKH,2,RKH2,4,7.1,6.857,6400
RKH,2,RKH2,5,7.1,7.213,11100
RKH,2,RKH2,6,7.1,7.048,20100
RKH,2,RKH2,7,7.1,7.247,33400
RKH,2,RKH2,8,7.1,6.9,58700
RKH,2,RKH2,9,7.1,7.1,85100
RKH,2,RKH2,10,7.1,7.12,142000
RKH,2,RKH2,11,7.1,7.316,158000
RKH,2,RKH2,12,7.1,7.125,193000
RKH,2,RKH2,13,7.1,7.147,228000
RKH,2,RKH2,3,8.0,7.765,3300
RKH,2,RKH2,4,8.0,7.778,6600
RKH,2,RKH2,5,8.0,7.889,11100
RKH,2,RKH2,6,8.0,7.792,13400
RKH,2,RKH2,7,8.0,7.799,20100
RKH,2,RKH2,8,8.0,7.676,25300
RKH,2,RKH2,9,8.0,8.018,33400
RKH,2,RKH2,10,8.0,7.848,41800
RKH,2,RKH2,11,8.0,7.644,58700
RKH,2,RKH2,12,8.0,7.941,73100
RKH,2,RKH2,13,8.0,7.889,85100
RKH,2,RKH2,14,8.0,7.944,106000
RKH,2,RKH2,15,8.0,7.882,142000
RKH,2,RKH2,16,8.0,8.076,158000
RKH,2,RKH2,17,8.0,7.884,193000
RKH,2,RKH2,18,8.0,8.274,228000
RKH,2,RKH2,3,9.0,8.516,3300
RKH,2,RKH2,4,9.0,8.485,6600
RKH,2,RKH2,5,9.0,8.652,11100
RKH,2,RKH2,6,9.0,8.94,14300
RKH,2,RKH2,7,9.0,8.66,20100
RKH,2,RKH2,8,9.0,8.887,25300
RKH,2,RKH2,9,9.0,8.904,33400
RKH,2,RKH2,10,9.0,9.085,41800
RKH,2,RKH2,11,9.0,8.974,58700
RKH,2,RKH2,12,9.0,8.772,73100
RKH,2,RKH2,13,9.0,8.799,85100
RKH,2,RKH2,14,9.0,8.8,106000
RKH,2,RKH2,15,9.0,8.758,142000
RKH,2,RKH2,16,9.0,8.941,158000
RKH,2,RKH2,17,9.0,8.755,193000
RKH,2,RKH2,18,9.0,9.155,228000
RKH,2,RKH2,3,10.0,9.845,3300
RKH,2,RKH2,4,10.0,9.722,6200
RKH,2,RKH2,5,10.0,10.002,10400
RKH,2,RKH2,6,10.0,9.778,14300
RKH,2,RKH2,7,10.0,9.66,20100
RKH,2,RKH2,8,10.0,9.833,25300
RKH,2,RKH2,9,10.0,9.932,33400
RKH,2,RKH2,10,10.0,10.053,41800
RKH,2,RKH2,11,10.0,10.046,58700
RKH,2,RKH2,12,10.0,9.718,73100
RKH,2,RKH2,13,10.0,9.861,85100
RKH,2,RKH2,14,10.0,9.778,106000
RKH,2,RKH2,15,10.0,9.774,142000
RKH,2,RKH2,16,10.0,9.935,158000
RKH,2,RKH2,17,10.0,9.765,193000
RKH,2,RKH2,18,10.0,10.167,228000
RKH,2,RKH2,3,11.2,10.9,3300
RKH,2,RKH2,4,11.2,10.694,6200
RKH,2,RKH2,5,11.2,11.075,10500
RKH,2,RKH2,6,11.2,10.724,14300
RKH,2,RKH2,7,11.2,10.648,20100
RKH,2,RKH2,8,11.2,10.92,25300
RKH,2,RKH2,9,11.2,11.138,33400
RKH,2,RKH2,10,11.2,11.163,41800
RKH,2,RKH2,11,11.2,10.889,58700
RKH,2,RKH2,12,11.2,11.41,73100
RKH,2,RKH2,13,11.2,10.811,85100
RKH,2,RKH2,14,11.2,10.906,106000
RKH,2,RKH2,15,11.2,10.967,142000
RKH,2,RKH2,16,11.2,11.087,158000
RKH,2,RKH2,17,11.2,10.951,193000
RKH,2,RKH2,18,11.2,11.34,228000
RKH,2,RKH2,3,12.5,12.132,3300
RKH,2,RKH2,4,12.5,12.444,6600
RKH,2,RKH2,5,12.5,12.326,11100
RKH,2,RKH2,6,12.5,12.397,13400
RKH,2,RKH2,7,12.5,11.807,20100
RKH,2,RKH2,8,12.5,12.18,25300
RKH,2,RKH2,9,12.5,12.574,33400
RKH,2,RKH2,10,12.5,12.452,41800
RKH,2,RKH2,11,12.5,12.174,58700
RKH,2,RKH2,12,12.5,12.773,73100
RKH,2,RKH2,13,12.5,12.655,85100
RKH,2,RKH2,14,12.5,12.222,106000
RKH,2,RKH2,15,12.5,12.139,142000
RKH,2,RKH2,16,12.5,12.44,158000
RKH,2,RKH2,17,12.5,12.432,193000
RKH,2,RKH2,18,12.5,12.717,228000
RKH,2,RKH2,3,14.0,13.588,3300
RKH,2,RKH2,4,14.0,13.865,6600
RKH,2,RKH2,5,14.0,13.806,11100
RKH,2,RKH2,6,14.0,13.726,13400
RKH,2,RKH2,7,14.0,13.939,20100
RKH,2,RKH2,8,14.0,13.426,25300
RKH,2,RKH2,9,14.0,14.152,33400
RKH,2,RKH2,10,14.0,13.964,41800
RKH,2,RKH2,11,14.0,13.704,58700
RKH,2,RKH2,12,14.0,13.844,73100
RKH,2,RKH2,13,14.0,14.164,85100
RKH,2,RKH2,14,14.0,13.399,106000
RKH,2,RKH2,15,14.0,13.708,142000
RKH,2,RKH2,16,14.0,13.769,158000
RKH,2,RKH2,17,14.0,13.915,193000
RKH,2,RKH2,18,14.0,14.438,228000
RKH,2,RKH2,3,16.0,15.335,3300
RKH,2,RKH2,4,16.0,15.556,6600
RKH,2,RKH2,5,16.0,15.581,11100
RKH,2,RKH2,6,16.0,15.278,14300
RKH,2,RKH2,7,16.0,15.717,20100
RKH,2,RKH2,8,16.0,14.887,25200
RKH,2,RKH2,9,16.0,15.962,33400
RKH,2,RKH2,10,16.0,15.765,41800
RKH,2,RKH2,11,16.0,15.556,58700
RKH,2,RKH2,12,16.0,15.478,73100
RKH,2,RKH2,13,16.0,15.975,85100
RKH,2,RKH2,14,16.0,15.685,106000
RKH,2,RKH2,15,16.0,15.389,142000
RKH,2,RKH2,16,16.0,15.55,158000
RKH,2,RKH2,17,16.0,15.694,193000
RKH,2,RKH2,18,16.0,16.159,228000
RKH,2,RKH2,3,18.0,17.378,3300
RKH,2,RKH2,4,18.0,17.602,6200
RKH,2,RKH2,5,18.0,17.493,10400
RKH,2,RKH2,6,18.0,17.111,14300
RKH,2,RKH2,7,18.0,17.598,18800
RKH,2,RKH2,8,18.0,17.576,25300
RKH,2,RKH2,9,18.0,18.204,33400
RKH,2,RKH2,10,18.0,17.743,41800
RKH,2,RKH2,11,18.0,17.111,58700
RKH,2,RKH2,12,18.0,17.423,73100
RKH,2,RKH2,13,18.0,17.28,85100
RKH,2,RKH2,14,18.0,17.556,106000
RKH,2,RKH2,15,18.0,17.424,142000
RKH,2,RKH2,16,18.0,17.457,158000
RKH,2,RKH2,17,18.0,17.899,193000
RKH,2,RKH2,18,18.0,18.225,228000
RKH,2,RKH2,3,20.0,19.616,3300
RKH,2,RKH2,4,20.0,19.444,6500
RKH,2,RKH2,5,20.0,19.534,11100
RKH,2,RKH2,6,20.0,19.311,14300
RKH,2,RKH2,7,20.0,19.742,18800
RKH,2,RKH2,8,20.0,19.817,25300
RKH,2,RKH2,9,20.0,19.312,33400
RKH,2,RKH2,10,20.0,20.012,41800
RKH,2,RKH2,11,20.0,19.074,58700
RKH,2,RKH2,12,20.0,19.778,73100
RKH,2,RKH2,13,20.0,19.515,85100
RKH,2,RKH2,14,20.0,19.8,106000
RKH,2,RKH2,15,20.0,20.297,142000
RKH,2,RKH2,16,20.0,19.765,158000
RKH,2,RKH2,17,20.0,18.988,193000
RKH,2,RKH2,18,20.0,20.786,228000
RKH,2,RKH2,3,22.4,21.63,3300
RKH,2,RKH2,4,22.4,22.037,6200
RKH,2,RKH2,5,22.4,22.006,10800
RKH,2,RKH2,6,22.4,21.681,13400
RKH,2,RKH2,7,22.4,20.982,19600
RKH,2,RKH2,8,22.4,22.189,23800
RKH,2,RKH2,9,22.4,21.895,32800
RKH,2,RKH2,10,22.4,22.824,41800
RKH,2,RKH2,11,22.4,21.491,57700
RKH,2,RKH2,12,22.4,21.756,73100
RKH,2,RKH2,13,22.4,22.02,87100
RKH,2,RKH2,14,22.4,21.418,106000
RKH,2,RKH2,15,22.4,21.374,151000
RKH,2,RKH2,16,22.4,23.024,158000
RKH,2,RKH2,17,22.4,20.93,198000
RKH,2,RKH2,18,22.4,22.05,228000
RKH,3,RKH3,4,25.0,25.011,11500
RKH,3,RKH3,5,25.0,24.212,14200
RKH,3,RKH3,6,25.0,25.54,21500
RKH,3,RKH3,7,25.0,24.892,23800
RKH,3,RKH3,8,25.0,25.439,35300
RKH,3,RKH3,9,25.0,24.212,41800
RKH,3,RKH3,10,25.0,24.706,62900
RKH,3,RKH3,11,25.0,24.251,73100
RKH,3,RKH3,12,25.0,25.372,87100
RKH,3,RKH3,13,25.0,24.187,106000
RKH,3,RKH3,14,25.0,24.716,151000
RKH,3,RKH3,15,25.0,24.245,171000
RKH,3,RKH3,16,25.0,24.202,198000
RKH,3,RKH3,17,25.0,24.306,238000
RKH,3,RKH3,4,28.0,28.49,11500
RKH,3,RKH3,5,28.0,27.275,13800
RKH,3,RKH3,6,28.0,27.711,21500
RKH,3,RKH3,7,28.0,26.456,24800
RKH,3,RKH3,8,28.0,29.187,35300
RKH,3,RKH3,9,28.0,27.451,41200
RKH,3,RKH3,10,28.0,28.602,62900
RKH,3,RKH3,11,28.0,27.325,71800
RKH,3,RKH3,12,28.0,29.373,87100
RKH,3,RKH3,13,28.0,27.292,108000
RKH,3,RKH3,14,28.0,27.304,151000
RKH,3,RKH3,15,28.0,28.036,171000
RKH,3,RKH3,16,28.0,26.736,198000
RKH,3,RKH3,17,28.0,28.106,238000
RKH,3,RKH3,4,31.5,31.161,11500
RKH,3,RKH3,5,31.5,30.999,15300
RKH,3,RKH3,6,31.5,31.433,21500
RKH,3,RKH3,7,31.5,32.202,26900
RKH,3,RKH3,8,31.5,31.924,35300
RKH,3,RKH3,9,31.5,31.894,43400
RKH,3,RKH3,10,31.5,31.648,62900
RKH,3,RKH3,11,31.5,31.412,76400
RKH,3,RKH3,12,31.5,32.501,87100
RKH,3,RKH3,13,31.5,31.447,108000
RKH,3,RKH3,14,31.5,30.248,151000
RKH,3,RKH3,15,31.5,30.971,171000
RKH,3,RKH3,16,31.5,29.619,198000
RKH,3,RKH3,17,31.5,31.048,238000
RKH,3,RKH3,4,35.5,34.177,11500
RKH,3,RKH3,5,35.5,35.312,15300
RKH,3,RKH3,6,35.5,34.291,21500
RKH,3,RKH3,7,35.5,34.94,26900
RKH,3,RKH3,8,35.5,35.013,35300
RKH,3,RKH3,9,35.5,36.593,43400
RKH,3,RKH3,10,35.5,35.144,62900
RKH,3,RKH3,11,35.5,36.366,76400
RKH,3,RKH3,12,35.5,36.092,87100
RKH,3,RKH3,13,35.5,36.406,108000
RKH,3,RKH3,14,35.5,35.514,151000
RKH,3,RKH3,15,35.5,34.311,171000
RKH,3,RKH3,16,35.5,34.776,198000
RKH,3,RKH3,17,35.5,34.397,238000
RKH,3,RKH3,4,40.0,39.508,11500
RKH,3,RKH3,5,40.0,38.622,15300
RKH,3,RKH3,6,40.0,39.292,21500
RKH,3,RKH3,7,40.0,39.633,26900
RKH,3,RKH3,8,40.0,40.474,35300
RKH,3,RKH3,9,40.0,40.024,43400
RKH,3,RKH3,10,40.0,39.2,62900
RKH,3,RKH3,11,40.0,40.238,76400
RKH,3,RKH3,12,40.0,40.257,87100
RKH,3,RKH3,13,40.0,40.283,108000
RKH,3,RKH3,14,40.0,39.756,151000
RKH,3,RKH3,15,40.0,40.284,171000
RKH,3,RKH3,16,40.0,38.929,198000
RKH,3,RKH3,17,40.0,40.385,238000
RKH,3,RKH3,4,45.0,43.745,11500
RKH,3,RKH3,5,45.0,42.36,15300
RKH,3,RKH3,6,45.0,43.221,21500
RKH,3,RKH3,7,45.0,43.236,26900
RKH,3,RKH3,8,45.0,44.816,35300
RKH,3,RKH3,9,45.0,43.897,43400
RKH,3,RKH3,10,45.0,43.21,62900
RKH,3,RKH3,11,45.0,44.683,76400
RKH,3,RKH3,12,45.0,45.147,87100
RKH,3,RKH3,13,45.0,44.733,108000
RKH,3,RKH3,14,45.0,43.09,151000
RKH,3,RKH3,15,45.0,45.096,171000
RKH,3,RKH3,16,45.0,42.194,198000
RKH,3,RKH3,17,45.0,45.208,238000
RKH,3,RKH3,4,50.0,48.689,11500
RKH,3,RKH3,5,50.0,48.967,15300
RKH,3,RKH3,6,50.0,50.293,21500
RKH,3,RKH3,7,50.0,49.542,26900
RKH,3,RKH3,8,50.0,49.881,35300
RKH,3,RKH3,9,50.0,50.744,43400
RKH,3,RKH3,10,50.0,47.911,62900
RKH,3,RKH3,11,50.0,49.84,76400
RKH,3,RKH3,12,50.0,50.968,87100
RKH,3,RKH3,13,50.0,49.896,108000
RKH,3,RKH3,14,50.0,48.175,151000
RKH,3,RKH3,15,50.0,48.878,171000
RKH,3,RKH3,16,50.0,47.174,198000
RKH,3,RKH3,17,50.0,49.0,238000
RKH,3,RKH3,4,56.0,54.532,11500
RKH,3,RKH3,5,56.0,54.22,15300
RKH,3,RKH3,6,56.0,56.033,21500
RKH,3,RKH3,7,56.0,54.496,26900
RKH,3,RKH3,8,56.0,55.866,35300
RKH,3,RKH3,9,56.0,56.187,43400
RKH,3,RKH3,10,56.0,56.566,62900
RKH,3,RKH3,11,56.0,54.938,76400
RKH,3,RKH3,12,56.0,57.365,87100
RKH,3,RKH3,13,56.0,55.957,108000
RKH,3,RKH3,14,56.0,54.229,151000
RKH,3,RKH3,15,56.0,54.647,171000
RKH,3,RKH3,16,56.0,53.102,198000
RKH,3,RKH3,17,56.0,54.783,238000
RKH,3,RKH3,4,63.0,61.543,11500
RKH,3,RKH3,5,63.0,60.347,15300
RKH,3,RKH3,6,63.0,62.867,21500
RKH,3,RKH3,7,63.0,63.413,26900
RKH,3,RKH3,8,63.0,63.049,35300
RKH,3,RKH3,9,63.0,62.537,43400
RKH,3,RKH3,10,63.0,63.778,62900
RKH,3,RKH3,11,63.0,60.916,76400
RKH,3,RKH3,12,63.0,64.699,87100
RKH,3,RKH3,13,63.0,63.171,108000
RKH,3,RKH3,14,63.0,61.557,151000
RKH,3,RKH3,15,63.0,61.514,171000
RKH,3,RKH3,16,63.0,60.278,198000
RKH,3,RKH3,17,63.0,61.667,238000
RKH,3,RKH3,4,71.0,69.742,11500
RKH,3,RKH3,5,71.0,67.589,15300
RKH,3,RKH3,6,71.0,71.139,21500
RKH,3,RKH3,7,71.0,70.651,26900
RKH,3,RKH3,8,71.0,70.787,35300
RKH,3,RKH3,9,71.0,70.041,43400
RKH,3,RKH3,10,71.0,71.414,62900
RKH,3,RKH3,11,71.0,71.919,76400
RKH,3,RKH3,12,71.0,73.789,87100
RKH,3,RKH3,13,71.0,71.1,108000
RKH,3,RKH3,14,71.0,67.713,151000
RKH,3,RKH3,15,71.0,69.826,171000
RKH,3,RKH3,16,71.0,66.306,198000
RKH,3,RKH3,17,71.0,70.0,238000
RKH,3,RKH3,4,80.0,78.723,11500
RKH,3,RKH3,5,80.0,76.279,15300
RKH,3,RKH3,6,80.0,78.583,21500
RKH,3,RKH3,7,80.0,79.267,26900
RKH,3,RKH3,8,80.0,79.049,35300
RKH,3,RKH3,9,80.0,79.046,43400
RKH,3,RKH3,10,80.0,80.111,62900
RKH,3,RKH3,11,80.0,81.089,76400
RKH,3,RKH3,12,80.0,78.278,87100
RKH,3,RKH3,13,80.0,80.19,108000
RKH,3,RKH3,14,80.0,75.481,151000
RKH,3,RKH3,15,80.0,76.809,171000
RKH,3,RKH3,16,80.0,73.912,198000
RKH,3,RKH3,17,80.0,77.0,238000
RKH,3,RKH3,4,90.0,86.806,11500
RKH,3,RKH3,5,90.0,86.44,15300
RKH,3,RKH3,6,90.0,89.061,19800
RKH,3,RKH3,7,90.0,89.696,26900
RKH,3,RKH3,8,90.0,89.05,34200
RKH,3,RKH3,9,90.0,88.748,43400
RKH,3,RKH3,10,90.0,85.146,61000
RKH,3,RKH3,11,90.0,90.798,76400
RKH,3,RKH3,12,90.0,88.75,87100
RKH,3,RKH3,13,90.0,91.457,108000
RKH,3,RKH3,14,90.0,85.046,151000
RKH,3,RKH3,15,90.0,85.62,171000
RKH,3,RKH3,16,90.0,83.279,198000
RKH,3,RKH3,17,90.0,85.833,238000
RKH,3,RKH3,5,100.0,97.572,14400
RKH,3,RKH3,6,100.0,99.083,26900
RKH,3,RKH3,7,100.0,99.106,43400
RKH,3,RKH3,8,100.0,101.856,76400
RKH,3,RKH3,9,100.0,97.02,108000
RKH,3,RKH3,10,100.0,96.471,171000
RKH,3,RKH3,11,100.0,96.711,224000
RKH,3,RKH3,5,112.0,107.59,14900
RKH,3,RKH3,6,112.0,112.294,24900
RKH,3,RKH3,7,112.0,111.645,42400
RKH,3,RKH3,8,112.0,108.257,76400
RKH,3,RKH3,9,112.0,110.0,108000
RKB,2,RKB2,4,5.0,4.936,6000
RKB,2,RKB2,5,5.0,5.006,9300
RKB,2,RKB2,6,5.0,4.865,18800
RKB,2,RKB2,7,5.0,5.002,29600
RKB,2,RKB2,8,5.0,4.897,45500
RKB,2,RKB2,9,5.0,4.967,67900
RKB,2,RKB2,10,5.0,4.963,121000
RKB,2,RKB2,4,5.6,5.48,6100
RKB,2,RKB2,5,5.6,5.488,9300
RKB,2,RKB2,6,5.6,5.333,18800
RKB,2,RKB2,7,5.6,5.483,29600
RKB,2,RKB2,8,5.6,5.534,47600
RKB,2,RKB2,9,5.6,5.613,68900
RKB,2,RKB2,10,5.6,5.609,121000
RKB,2,RKB2,11,5.6,5.63,134000
RKB,2,RKB2,12,5.6,5.514,193000
RKB,2,RKB2,4,6.3,6.296,6100
RKB,2,RKB2,5,6.3,6.386,9300
RKB,2,RKB2,6,6.3,6.205,11900
RKB,2,RKB2,7,6.3,6.206,18800
RKB,2,RKB2,8,6.3,6.135,23600
RKB,2,RKB2,9,6.3,6.381,29600
RKB,2,RKB2,10,6.3,6.271,37600
RKB,2,RKB2,11,6.3,6.296,49700
RKB,2,RKB2,12,6.3,6.226,58200
RKB,2,RKB2,13,6.3,6.386,73100
RKB,2,RKB2,14,6.3,6.156,84300
RKB,2,RKB2,15,6.3,6.34,129000
RKB,2,RKB2,16,6.3,6.362,140000
RKB,2,RKB2,17,6.3,6.234,193000
RKB,2,RKB2,4,7.1,6.959,6100
RKB,2,RKB2,5,7.1,7.058,9300
RKB,2,RKB2,6,7.1,6.802,11900
RKB,2,RKB2,7,7.1,6.86,18800
RKB,2,RKB2,8,7.1,6.725,23600
RKB,2,RKB2,9,7.1,7.053,29600
RKB,2,RKB2,10,7.1,6.875,37600
RKB,2,RKB2,11,7.1,7.037,51900
RKB,2,RKB2,12,7.1,7.036,60300
RKB,2,RKB2,13,7.1,7.138,75100
RKB,2,RKB2,14,7.1,6.957,86400
RKB,2,RKB2,15,7.1,7.132,131000
RKB,2,RKB2,16,7.1,7.192,144000
RKB,2,RKB2,17,7.1,7.012,193000
RKB,2,RKB2,18,7.1,7.239,228000
RKB,2,RKB2,4,8.0,7.549,6100
RKB,2,RKB2,5,8.0,7.657,9300
RKB,2,RKB2,6,8.0,7.915,11900
RKB,2,RKB2,7,8.0,7.88,18800
RKB,2,RKB2,8,8.0,7.825,23600
RKB,2,RKB2,9,8.0,8.101,29600
RKB,2,RKB2,10,8.0,8.0,37600
RKB,2,RKB2,11,8.0,7.994,53500
RKB,2,RKB2,12,8.0,8.005,62500
RKB,2,RKB2,13,8.0,8.108,79200
RKB,2,RKB2,14,8.0,7.915,90600
RKB,2,RKB2,15,8.0,8.101,131000
RKB,2,RKB2,16,8.0,8.09,147000
RKB,2,RKB2,17,8.0,7.965,193000
RKB,2,RKB2,18,8.0,8.143,228000
RKB,2,RKB2,4,9.0,8.693,6100
RKB,2,RKB2,5,9.0,8.817,9300
RKB,2,RKB2,6,9.0,8.749,11900
RKB,2,RKB2,7,9.0,8.569,18800
RKB,2,RKB2,8,9.0,8.649,23600
RKB,2,RKB2,9,9.0,8.81,29600
RKB,2,RKB2,10,9.0,8.842,37600
RKB,2,RKB2,11,9.0,8.693,53500
RKB,2,RKB2,12,9.0,8.947,64500
RKB,2,RKB2,13,9.0,8.817,80300
RKB,2,RKB2,14,9.0,8.847,93100
RKB,2,RKB2,15,9.0,8.81,131000
RKB,2,RKB2,16,9.0,9.19,147000
RKB,2,RKB2,17,9.0,8.662,193000
RKB,2,RKB2,18,9.0,9.25,228000
RKB,2,RKB2,4,10.0,9.872,6100
RKB,2,RKB2,5,10.0,10.108,9300
RKB,2,RKB2,6,10.0,9.49,11900
RKB,2,RKB2,7,10.0,9.823,18800
RKB,2,RKB2,8,10.0,9.935,23600
RKB,2,RKB2,9,10.0,10.099,29600
RKB,2,RKB2,10,10.0,10.157,37600
RKB,2,RKB2,11,10.0,9.965,53500
RKB,2,RKB2,12,10.0,10.164,65600
RKB,2,RKB2,13,10.0,10.108,80300
RKB,2,RKB2,14,10.0,10.049,97800
RKB,2,RKB2,15,10.0,10.099,131000
RKB,2,RKB2,16,10.0,9.993,147000
RKB,2,RKB2,17,10.0,9.93,193000
RKB,2,RKB2,18,10.0,10.059,228000
RKB,2,RKB2,4,11.2,10.769,6100
RKB,2,RKB2,5,11.2,10.923,9300
RKB,2,RKB2,6,11.2,10.928,11900
RKB,2,RKB2,7,11.2,10.615,18800
RKB,2,RKB2,8,11.2,10.804,23600
RKB,2,RKB2,9,11.2,10.914,29600
RKB,2,RKB2,10,11.2,11.045,37600
RKB,2,RKB2,11,11.2,10.769,53500
RKB,2,RKB2,12,11.2,11.052,65600
RKB,2,RKB2,13,11.2,10.923,80300
RKB,2,RKB2,14,11.2,10.928,100000
RKB,2,RKB2,15,11.2,10.914,131000
RKB,2,RKB2,16,11.2,11.456,147000
RKB,2,RKB2,17,11.2,10.731,193000
RKB,2,RKB2,18,11.2,11.531,228000
RKB,2,RKB2,4,12.5,12.034,5400
RKB,2,RKB2,5,12.5,12.703,9300
RKB,2,RKB2,6,12.5,12.528,11900
RKB,2,RKB2,7,12.5,12.433,16800
RKB,2,RKB2,8,12.5,12.385,23600
RKB,2,RKB2,9,12.5,12.554,27700
RKB,2,RKB2,10,12.5,12.662,37600
RKB,2,RKB2,11,12.5,12.334,51900
RKB,2,RKB2,12,12.5,12.67,65600
RKB,2,RKB2,13,12.5,12.482,78700
RKB,2,RKB2,14,12.5,12.528,100000
RKB,2,RKB2,15,12.5,12.172,136000
RKB,2,RKB2,16,12.5,12.38,147000
RKB,2,RKB2,17,12.5,12.77,193000
RKB,2,RKB2,18,12.5,12.462,228000
RKB,2,RKB2,4,14.0,13.484,5900
RKB,2,RKB2,5,14.0,13.964,9700
RKB,2,RKB2,6,14.0,13.538,11900
RKB,2,RKB2,7,14.0,13.515,18000
RKB,2,RKB2,8,14.0,13.385,23600
RKB,2,RKB2,9,14.0,14.137,29200
RKB,2,RKB2,10,14.0,13.683,37600
RKB,2,RKB2,11,14.0,13.821,56100
RKB,2,RKB2,12,14.0,13.692,65600
RKB,2,RKB2,13,14.0,13.721,80800
RKB,2,RKB2,14,14.0,13.538,100000
RKB,2,RKB2,15,14.0,13.81,141000
RKB,2,RKB2,16,14.0,13.832,147000
RKB,2,RKB2,17,14.0,13.79,193000
RKB,2,RKB2,18,14.0,14.654,228000
RKB,2,RKB2,4,16.0,15.601,6500
RKB,2,RKB2,5,16.0,15.835,10400
RKB,2,RKB2,6,16.0,15.826,11900
RKB,2,RKB2,7,16.0,16.275,19600
RKB,2,RKB2,8,16.0,15.773,21300
RKB,2,RKB2,9,16.0,15.952,30700
RKB,2,RKB2,10,16.0,15.693,35200
RKB,2,RKB2,11,16.0,15.522,59300
RKB,2,RKB2,12,16.0,15.888,65600
RKB,2,RKB2,13,16.0,16.354,83000
RKB,2,RKB2,14,16.0,15.552,98400
RKB,2,RKB2,15,16.0,15.215,147000
RKB,2,RKB2,16,16.0,15.665,152000
RKB,2,RKB2,17,16.0,16.226,198000
RKB,2,RKB2,18,16.0,16.014,228000
RKB,2,RKB2,4,18.0,17.482,6600
RKB,2,RKB2,5,18.0,17.407,11200
RKB,2,RKB2,6,18.0,17.307,12500
RKB,2,RKB2,7,18.0,17.692,20900
RKB,2,RKB2,8,18.0,17.041,22900
RKB,2,RKB2,9,18.0,17.963,33600
RKB,2,RKB2,10,18.0,17.724,37100
RKB,2,RKB2,11,18.0,17.393,61400
RKB,2,RKB2,12,18.0,17.572,68800
RKB,2,RKB2,13,18.0,17.978,85800
RKB,2,RKB2,14,18.0,17.007,101000
RKB,2,RKB2,15,18.0,17.262,151000
RKB,2,RKB2,16,18.0,17.29,158000
RKB,2,RKB2,17,18.0,17.522,198000
RKB,2,RKB2,18,18.0,18.62,238000
RKB,2,RKB2,4,20.0,19.614,6600
RKB,2,RKB2,5,20.0,19.645,11500
RKB,2,RKB2,6,20.0,19.729,13100
RKB,2,RKB2,7,20.0,19.948,21500
RKB,2,RKB2,8,20.0,20.648,24800
RKB,2,RKB2,9,20.0,20.259,35300
RKB,2,RKB2,10,20.0,19.94,38900
RKB,2,RKB2,11,20.0,19.744,62900
RKB,2,RKB2,12,20.0,19.995,72000
RKB,2,RKB2,13,20.0,20.276,89800
RKB,2,RKB2,14,20.0,20.376,104000
RKB,2,RKB2,15,20.0,19.379,151000
RKB,2,RKB2,16,20.0,19.581,165000
RKB,2,RKB2,17,20.0,19.762,198000
RKB,2,RKB2,18,20.0,20.348,238000
RKB,2,RKB2,4,22.4,21.919,6600
RKB,2,RKB2,5,22.4,21.954,11500
RKB,2,RKB2,6,22.4,21.575,14100
RKB,2,RKB2,7,22.4,22.146,21500
RKB,2,RKB2,8,22.4,22.308,26200
RKB,2,RKB2,9,22.4,22.208,35300
RKB,2,RKB2,10,22.4,22.52,41400
RKB,2,RKB2,11,22.4,21.643,62900
RKB,2,RKB2,12,22.4,22.114,74800
RKB,2,RKB2,13,22.4,22.226,89800
RKB,2,RKB2,14,22.4,22.282,107000
RKB,2,RKB2,15,22.4,21.9,151000
RKB,2,RKB2,16,22.4,21.982,171000
RKB,2,RKB2,17,22.4,22.333,198000
RKB,2,RKB2,18,22.4,22.95,238000
RKB,2,RKB2,4,25.0,25.38,6600
RKB,2,RKB2,5,25.0,25.421,11500
RKB,2,RKB2,6,25.0,24.349,15300
RKB,2,RKB2,7,25.0,25.446,21500
RKB,2,RKB2,8,25.0,25.152,26900
RKB,2,RKB2,9,25.0,25.843,35300
RKB,2,RKB2,10,25.0,25.4,43400
RKB,2,RKB2,11,25.0,25.185,62900
RKB,2,RKB2,12,25.0,25.103,76400
RKB,2,RKB2,13,25.0,25.864,89800
RKB,2,RKB2,14,25.0,25.131,112000
RKB,2,RKB2,15,25.0,24.916,151000
RKB,2,RKB2,16,25.0,24.842,171000
RKB,2,RKB2,17,25.0,25.409,198000
RKB,2,RKB2,18,25.0,25.936,238000
RKB,2,RKB2,4,28.0,27.836,6600
RKB,2,RKB2,5,28.0,27.881,11500
RKB,2,RKB2,6,28.0,27.211,15300
RKB,2,RKB2,7,28.0,28.125,21500
RKB,2,RKB2,8,28.0,27.923,26900
RKB,2,RKB2,9,28.0,28.563,35300
RKB,2,RKB2,10,28.0,27.842,43400
RKB,2,RKB2,11,28.0,27.836,62900
RKB,2,RKB2,12,28.0,27.517,76400
RKB,2,RKB2,13,28.0,28.587,89800
RKB,2,RKB2,14,28.0,27.548,112000
RKB,2,RKB2,15,28.0,27.847,151000
RKB,2,RKB2,16,28.0,28.263,171000
RKB,2,RKB2,17,28.0,28.398,198000
RKB,2,RKB2,18,28.0,29.507,238000
RKB,3,RKB3,4,31.5,30.196,6600
RKB,3,RKB3,5,31.5,30.245,11500
RKB,3,RKB3,6,31.5,31.508,15300
RKB,3,RKB3,7,31.5,30.509,21500
RKB,3,RKB3,8,31.5,32.084,26900
RKB,3,RKB3,9,31.5,30.985,35300
RKB,3,RKB3,10,31.5,32.4,43400
RKB,3,RKB3,11,31.5,31.975,62900
RKB,3,RKB3,12,31.5,32.021,76400
RKB,3,RKB3,13,31.5,32.838,89800
RKB,3,RKB3,14,31.5,32.057,112000
RKB,3,RKB3,15,31.5,31.634,151000
RKB,3,RKB3,16,31.5,31.588,171000
RKB,3,RKB3,17,31.5,32.259,198000
RKB,3,RKB3,18,31.5,32.979,238000
RKB,3,RKB3,4,35.5,34.771,6600
RKB,3,RKB3,5,35.5,34.827,11500
RKB,3,RKB3,6,35.5,34.557,15300
RKB,3,RKB3,7,35.5,35.131,21500
RKB,3,RKB3,8,35.5,35.461,26900
RKB,3,RKB3,9,35.5,35.679,35300
RKB,3,RKB3,10,35.5,35.811,43400
RKB,3,RKB3,11,35.5,34.771,62900
RKB,3,RKB3,12,35.5,35.392,76400
RKB,3,RKB3,13,35.5,35.709,89800
RKB,3,RKB3,14,35.5,35.432,112000
RKB,3,RKB3,15,35.5,34.4,151000
RKB,3,RKB3,16,35.5,35.883,171000
RKB,3,RKB3,17,35.5,35.08,198000
RKB,3,RKB3,18,35.5,37.463,238000
RKB,3,RKB3,4,40.0,39.487,6600
RKB,3,RKB3,5,40.0,39.551,11500
RKB,3,RKB3,6,40.0,37.486,15300
RKB,3,RKB3,7,40.0,39.896,21500
RKB,3,RKB3,8,40.0,38.468,26900
RKB,3,RKB3,9,40.0,40.902,35300
RKB,3,RKB3,10,40.0,38.846,43400
RKB,3,RKB3,11,40.0,39.861,62900
RKB,3,RKB3,12,40.0,40.654,76400
RKB,3,RKB3,13,40.0,40.936,89800
RKB,3,RKB3,14,40.0,40.7,112000
RKB,3,RKB3,15,40.0,39.435,151000
RKB,3,RKB3,16,40.0,39.021,171000
RKB,3,RKB3,17,40.0,40.215,198000
RKB,3,RKB3,18,40.0,40.738,238000
RKB,3,RKB3,4,45.0,43.077,6600
RKB,3,RKB3,5,45.0,43.146,11500
RKB,3,RKB3,6,45.0,43.166,15300
RKB,3,RKB3,7,45.0,43.523,21500
RKB,3,RKB3,8,45.0,44.296,26900
RKB,3,RKB3,9,45.0,44.202,35300
RKB,3,RKB3,10,45.0,44.732,43400
RKB,3,RKB3,11,45.0,43.077,62900
RKB,3,RKB3,12,45.0,44.209,76400
RKB,3,RKB3,13,45.0,44.238,89800
RKB,3,RKB3,14,45.0,44.259,112000
RKB,3,RKB3,15,45.0,42.617,151000
RKB,3,RKB3,16,45.0,44.732,171000
RKB,3,RKB3,17,45.0,43.46,198000
RKB,3,RKB3,18,45.0,46.702,238000
RKB,3,RKB3,4,50.0,49.06,6600
RKB,3,RKB3,5,50.0,49.139,11500
RKB,3,RKB3,6,50.0,49.021,15300
RKB,3,RKB3,7,50.0,49.568,21500
RKB,3,RKB3,8,50.0,50.304,26900
RKB,3,RKB3,9,50.0,50.341,35300
RKB,3,RKB3,10,50.0,51.28,43400
RKB,3,RKB3,11,50.0,49.06,62900
RKB,3,RKB3,12,50.0,50.681,76400
RKB,3,RKB3,13,50.0,50.383,89800
RKB,3,RKB3,14,50.0,50.737,112000
RKB,3,RKB3,15,50.0,48.536,151000
RKB,3,RKB3,16,50.0,48.341,171000
RKB,3,RKB3,17,50.0,49.496,198000
RKB,3,RKB3,18,50.0,50.469,238000
RKB,3,RKB3,4,56.0,55.152,6600
RKB,3,RKB3,5,56.0,55.24,11500
RKB,3,RKB3,6,56.0,53.477,15300
RKB,3,RKB3,7,56.0,55.723,21500
RKB,3,RKB3,8,56.0,54.877,26900
RKB,3,RKB3,9,56.0,56.592,35300
RKB,3,RKB3,10,56.0,55.417,43400
RKB,3,RKB3,11,56.0,55.152,62900
RKB,3,RKB3,12,56.0,54.769,76400
RKB,3,RKB3,13,56.0,56.639,89800
RKB,3,RKB3,14,56.0,54.831,112000
RKB,3,RKB3,15,56.0,54.562,151000
RKB,3,RKB3,16,56.0,55.055,171000
RKB,3,RKB3,17,56.0,55.641,198000
RKB,3,RKB3,18,56.0,57.479,238000
RKB,3,RKB3,4,63.0,60.808,6500
RKB,3,RKB3,5,63.0,60.906,11300
RKB,3,RKB3,6,63.0,60.904,15300
RKB,3,RKB3,7,63.0,61.438,21200
RKB,3,RKB3,8,63.0,62.499,26900
RKB,3,RKB3,9,63.0,62.396,35300
RKB,3,RKB3,10,63.0,63.114,43400
RKB,3,RKB3,11,63.0,60.808,62900
RKB,3,RKB3,12,63.0,62.376,76400
RKB,3,RKB3,13,63.0,62.448,89800
RKB,3,RKB3,14,63.0,62.446,112000
RKB,3,RKB3,15,63.0,60.158,151000
RKB,3,RKB3,16,63.0,61.892,171000
RKB,3,RKB3,17,63.0,61.348,198000
RKB,3,RKB3,18,63.0,64.616,238000
RKB,3,RKB3,4,71.0,69.293,6500
RKB,3,RKB3,5,71.0,69.404,10900
RKB,3,RKB3,6,71.0,68.467,15300
RKB,3,RKB3,7,71.0,70.011,19800
RKB,3,RKB3,8,71.0,70.259,26900
RKB,3,RKB3,9,71.0,71.102,33700
RKB,3,RKB3,10,71.0,70.951,43400
RKB,3,RKB3,11,71.0,69.293,59400
RKB,3,RKB3,12,71.0,70.121,76400
RKB,3,RKB3,13,71.0,71.161,89800
RKB,3,RKB3,14,71.0,70.2,112000
RKB,3,RKB3,15,71.0,68.553,151000
RKB,3,RKB3,16,71.0,68.239,171000
RKB,3,RKB3,17,71.0,69.909,198000
RKB,3,RKB3,18,71.0,71.243,238000
RKB,3,RKB3,5,80.0,75.489,13900
RKB,3,RKB3,6,80.0,77.465,26600
RKB,3,RKB3,7,80.0,78.228,43400
RKB,3,RKB3,8,80.0,77.313,76400
RKB,3,RKB3,10,80.0,77.4,112000
RKB,3,RKB3,12,80.0,77.761,171000
RKB,3,RKB3,14,80.0,81.184,238000
RKB,3,RKB3,5,90.0,86.022,13900
RKB,3,RKB3,6,90.0,88.274,24900
RKB,3,RKB3,7,90.0,89.143,42600
RKB,3,RKB3,8,90.0,88.101,74300
RKB,3,RKB3,10,90.0,88.2,112000
